id,modulo_id,modulo,tela,rota,finalidade,acoes,desktop,tema,estados,dados,observacoes
1,01,Autenticação,Login,/login,Entrar na conta,Entrar;Recuperar senha;Criar conta,1440+ responsivo,Claro + Escuro,loading;vazio;erro;sucesso,API/Firestore reais,Sem ação visual sem destino; validar permissões e persistência.
2,01,Autenticação,Criar conta,/cadastro,Cadastro de novo usuário,Criar;Validar dados;Aceitar termos,1440+ responsivo,Claro + Escuro,loading;vazio;erro;sucesso,API/Firestore reais,Sem ação visual sem destino; validar permissões e persistência.
3,01,Autenticação,Recuperar senha,/recuperar-senha,Solicitar recuperação,Enviar código,1440+ responsivo,Claro + Escuro,loading;vazio;erro;sucesso,API/Firestore reais,Sem ação visual sem destino; validar permissões e persistência.
4,01,Autenticação,Redefinir senha,/redefinir-senha,Definir nova senha,Salvar senha,1440+ responsivo,Claro + Escuro,loading;vazio;erro;sucesso,API/Firestore reais,Sem ação visual sem destino; validar permissões e persistência.
5,01,Autenticação,Verificar e-mail,/verificar-email,Confirmar e-mail,Reenviar código;Confirmar,1440+ responsivo,Claro + Escuro,loading;vazio;erro;sucesso,API/Firestore reais,Sem ação visual sem destino; validar permissões e persistência.
6,01,Autenticação,Verificar telefone,/verificar-telefone,Confirmar telefone,Enviar código;Confirmar,1440+ responsivo,Claro + Escuro,loading;vazio;erro;sucesso,API/Firestore reais,Sem ação visual sem destino; validar permissões e persistência.
7,01,Autenticação,Código de confirmação,/confirmacao,Validar código,Confirmar;Reenviar,1440+ responsivo,Claro + Escuro,loading;vazio;erro;sucesso,API/Firestore reais,Sem ação visual sem destino; validar permissões e persistência.
8,01,Autenticação,Autenticação 2FA,/seguranca/2fa,Segundo fator,Validar;Usar método alternativo,1440+ responsivo,Claro + Escuro,loading;vazio;erro;sucesso,API/Firestore reais,Sem ação visual sem destino; validar permissões e persistência.
9,01,Autenticação,Escolher método 2FA,/seguranca/2fa/metodo,Selecionar método,Aplicativo;SMS;E-mail,1440+ responsivo,Claro + Escuro,loading;vazio;erro;sucesso,API/Firestore reais,Sem ação visual sem destino; validar permissões e persistência.
10,01,Autenticação,Códigos de backup,/seguranca/2fa/backup,Gerenciar códigos de recuperação,Gerar;Copiar;Baixar,1440+ responsivo,Claro + Escuro,loading;vazio;erro;sucesso,API/Firestore reais,Sem ação visual sem destino; validar permissões e persistência.
11,01,Autenticação,Sessões e dispositivos,/seguranca/sessoes,Controlar sessões,Encerrar sessão;Ver dispositivo,1440+ responsivo,Claro + Escuro,loading;vazio;erro;sucesso,API/Firestore reais,Sem ação visual sem destino; validar permissões e persistência.
12,01,Autenticação,Conta bloqueada,/conta/bloqueada,Orientar desbloqueio,Recorrer;Ajuda,1440+ responsivo,Claro + Escuro,loading;vazio;erro;sucesso,API/Firestore reais,Sem ação visual sem destino; validar permissões e persistência.
13,01,Autenticação,Conta desativada,/conta/desativada,Exibir conta desativada,Recorrer;Ajuda,1440+ responsivo,Claro + Escuro,loading;vazio;erro;sucesso,API/Firestore reais,Sem ação visual sem destino; validar permissões e persistência.
14,01,Autenticação,Conta suspensa,/conta/suspensa,Exibir suspensão,Recorrer;Ver motivo,1440+ responsivo,Claro + Escuro,loading;vazio;erro;sucesso,API/Firestore reais,Sem ação visual sem destino; validar permissões e persistência.
15,01,Autenticação,Central de Contas,/central-contas,Gerenciar contas vinculadas,Adicionar;Remover;Configurar,1440+ responsivo,Claro + Escuro,loading;vazio;erro;sucesso,API/Firestore reais,Sem ação visual sem destino; validar permissões e persistência.
16,01,Autenticação,Preferências da conta,/configuracoes/conta,Preferências gerais,Salvar,1440+ responsivo,Claro + Escuro,loading;vazio;erro;sucesso,API/Firestore reais,Sem ação visual sem destino; validar permissões e persistência.
17,01,Autenticação,Confirmação de identidade,/seguranca/identidade,Validar identidade,Enviar documento;Status,1440+ responsivo,Claro + Escuro,loading;vazio;erro;sucesso,API/Firestore reais,Sem ação visual sem destino; validar permissões e persistência.
18,01,Autenticação,Termos e privacidade,/legal/termos,Consultar termos,Abrir documentos,1440+ responsivo,Claro + Escuro,loading;vazio;erro;sucesso,API/Firestore reais,Sem ação visual sem destino; validar permissões e persistência.
19,01,Autenticação,Consentimentos,/legal/consentimentos,Gerenciar consentimentos,Aceitar;Revogar,1440+ responsivo,Claro + Escuro,loading;vazio;erro;sucesso,API/Firestore reais,Sem ação visual sem destino; validar permissões e persistência.
20,01,Autenticação,Preferências de cookies,/configuracoes/cookies,Gerenciar cookies,Salvar preferências,1440+ responsivo,Claro + Escuro,loading;vazio;erro;sucesso,API/Firestore reais,Sem ação visual sem destino; validar permissões e persistência.
21,02,Feed e publicações,Feed — Para você,/app?feed=for-you,Conteúdo recomendado,Curtir;Comentar;Compartilhar;Salvar,1440+ responsivo,Claro + Escuro,loading;vazio;erro;sucesso,API/Firestore reais,Sem ação visual sem destino; validar permissões e persistência.
22,02,Feed e publicações,Feed — Seguindo,/app?feed=following,Conteúdo de contas seguidas,Curtir;Comentar;Compartilhar;Salvar,1440+ responsivo,Claro + Escuro,loading;vazio;erro;sucesso,API/Firestore reais,Sem ação visual sem destino; validar permissões e persistência.
23,02,Feed e publicações,Feed principal,/app,Página principal do FLOW,Navegar;Atualizar,1440+ responsivo,Claro + Escuro,loading;vazio;erro;sucesso,API/Firestore reais,Sem ação visual sem destino; validar permissões e persistência.
24,02,Feed e publicações,Criar publicação,/app/criar,Iniciar publicação,Texto;Foto;Vídeo;Agendar,1440+ responsivo,Claro + Escuro,loading;vazio;erro;sucesso,API/Firestore reais,Sem ação visual sem destino; validar permissões e persistência.
25,02,Feed e publicações,Publicação de texto,/app/criar/texto,Criar texto,Publicar;Agendar;Rascunho,1440+ responsivo,Claro + Escuro,loading;vazio;erro;sucesso,API/Firestore reais,Sem ação visual sem destino; validar permissões e persistência.
26,02,Feed e publicações,Publicação com foto,/app/criar/foto,Criar publicação com imagem,Upload;Editar;Publicar,1440+ responsivo,Claro + Escuro,loading;vazio;erro;sucesso,API/Firestore reais,Sem ação visual sem destino; validar permissões e persistência.
27,02,Feed e publicações,Publicação com vídeo,/app/criar/video,Criar publicação com vídeo,Upload;Editar;Som;Publicar,1440+ responsivo,Claro + Escuro,loading;vazio;erro;sucesso,API/Firestore reais,Sem ação visual sem destino; validar permissões e persistência.
28,02,Feed e publicações,Enquete,/app/criar/enquete,Criar enquete,Adicionar opções;Publicar,1440+ responsivo,Claro + Escuro,loading;vazio;erro;sucesso,API/Firestore reais,Sem ação visual sem destino; validar permissões e persistência.
29,02,Feed e publicações,Sentimento e atividade,/app/criar/sentimento,Adicionar sentimento/atividade,Selecionar;Salvar,1440+ responsivo,Claro + Escuro,loading;vazio;erro;sucesso,API/Firestore reais,Sem ação visual sem destino; validar permissões e persistência.
30,02,Feed e publicações,Adicionar localização,/app/criar/localizacao,Adicionar localização,Pesquisar;Selecionar,1440+ responsivo,Claro + Escuro,loading;vazio;erro;sucesso,API/Firestore reais,Sem ação visual sem destino; validar permissões e persistência.
31,02,Feed e publicações,Marcar pessoas,/app/criar/marcar,Marcar usuários,Pesquisar;Selecionar,1440+ responsivo,Claro + Escuro,loading;vazio;erro;sucesso,API/Firestore reais,Sem ação visual sem destino; validar permissões e persistência.
32,02,Feed e publicações,Selecionar público,/app/criar/publico,Definir visibilidade,Público;Seguidores;Personalizado,1440+ responsivo,Claro + Escuro,loading;vazio;erro;sucesso,API/Firestore reais,Sem ação visual sem destino; validar permissões e persistência.
33,02,Feed e publicações,Agendar publicação,/app/criar/agendar,Definir data e hora,Agendar;Salvar rascunho,1440+ responsivo,Claro + Escuro,loading;vazio;erro;sucesso,API/Firestore reais,Sem ação visual sem destino; validar permissões e persistência.
34,02,Feed e publicações,Rascunhos,/app/rascunhos,Gerenciar rascunhos,Editar;Excluir;Publicar,1440+ responsivo,Claro + Escuro,loading;vazio;erro;sucesso,API/Firestore reais,Sem ação visual sem destino; validar permissões e persistência.
35,02,Feed e publicações,Editar publicação,/app/publicacao/:id/editar,Editar conteúdo publicado,Salvar;Cancelar,1440+ responsivo,Claro + Escuro,loading;vazio;erro;sucesso,API/Firestore reais,Sem ação visual sem destino; validar permissões e persistência.
36,02,Feed e publicações,Excluir publicação,/app/publicacao/:id/excluir,Confirmar exclusão,Excluir;Cancelar,1440+ responsivo,Claro + Escuro,loading;vazio;erro;sucesso,API/Firestore reais,Sem ação visual sem destino; validar permissões e persistência.
37,02,Feed e publicações,Ocultar publicação,/app/publicacao/:id/ocultar,Ocultar conteúdo,Confirmar;Cancelar,1440+ responsivo,Claro + Escuro,loading;vazio;erro;sucesso,API/Firestore reais,Sem ação visual sem destino; validar permissões e persistência.
38,02,Feed e publicações,Salvar publicação,/app/publicacao/:id/salvar,Salvar conteúdo,Salvar;Remover dos salvos,1440+ responsivo,Claro + Escuro,loading;vazio;erro;sucesso,API/Firestore reais,Sem ação visual sem destino; validar permissões e persistência.
39,02,Feed e publicações,Publicações salvas,/app/salvos/publicacoes,Consultar publicações salvas,Abrir;Remover,1440+ responsivo,Claro + Escuro,loading;vazio;erro;sucesso,API/Firestore reais,Sem ação visual sem destino; validar permissões e persistência.
40,02,Feed e publicações,Compartilhar publicação,/app/publicacao/:id/compartilhar,Compartilhar conteúdo,Compartilhar;Copiar link,1440+ responsivo,Claro + Escuro,loading;vazio;erro;sucesso,API/Firestore reais,Sem ação visual sem destino; validar permissões e persistência.
41,02,Feed e publicações,Copiar link,/app/publicacao/:id/link,Obter link da publicação,Copiar,1440+ responsivo,Claro + Escuro,loading;vazio;erro;sucesso,API/Firestore reais,Sem ação visual sem destino; validar permissões e persistência.
42,02,Feed e publicações,Denunciar conteúdo,/app/publicacao/:id/denunciar,Enviar denúncia,Selecionar motivo;Enviar,1440+ responsivo,Claro + Escuro,loading;vazio;erro;sucesso,API/Firestore reais,Sem ação visual sem destino; validar permissões e persistência.
43,02,Feed e publicações,Bloquear usuário,/app/usuario/:id/bloquear,Bloquear conta,Bloquear;Cancelar,1440+ responsivo,Claro + Escuro,loading;vazio;erro;sucesso,API/Firestore reais,Sem ação visual sem destino; validar permissões e persistência.
44,02,Feed e publicações,Silenciar usuário,/app/usuario/:id/silenciar,Silenciar conteúdo,Silenciar;Cancelar,1440+ responsivo,Claro + Escuro,loading;vazio;erro;sucesso,API/Firestore reais,Sem ação visual sem destino; validar permissões e persistência.
45,02,Feed e publicações,Ver menos conteúdo,/app/publicacao/:id/preferencias,Ajustar recomendação,Confirmar,1440+ responsivo,Claro + Escuro,loading;vazio;erro;sucesso,API/Firestore reais,Sem ação visual sem destino; validar permissões e persistência.
46,02,Feed e publicações,Por que estou vendo isso?,/app/publicacao/:id/contexto,Explicar recomendação,Ver detalhes,1440+ responsivo,Claro + Escuro,loading;vazio;erro;sucesso,API/Firestore reais,Sem ação visual sem destino; validar permissões e persistência.
47,02,Feed e publicações,Comentários da publicação,/app/publicacao/:id/comentarios,Lista de comentários,Comentar;Curtir;Responder,1440+ responsivo,Claro + Escuro,loading;vazio;erro;sucesso,API/Firestore reais,Sem ação visual sem destino; validar permissões e persistência.
48,02,Feed e publicações,Respostas de comentário,/app/comentario/:id,Thread de respostas,Responder;Curtir;Denunciar,1440+ responsivo,Claro + Escuro,loading;vazio;erro;sucesso,API/Firestore reais,Sem ação visual sem destino; validar permissões e persistência.
49,02,Feed e publicações,Curtidas da publicação,/app/publicacao/:id/curtidas,Lista de interações,Ver perfil,1440+ responsivo,Claro + Escuro,loading;vazio;erro;sucesso,API/Firestore reais,Sem ação visual sem destino; validar permissões e persistência.
50,02,Feed e publicações,Compartilhamento da publicação,/app/publicacao/:id/compartilhamentos,Interações de compartilhamento,Ver conteúdo,1440+ responsivo,Claro + Escuro,loading;vazio;erro;sucesso,API/Firestore reais,Sem ação visual sem destino; validar permissões e persistência.
51,02,Feed e publicações,Visualizador de mídia,/app/midia/:id,Visualizar mídia,Navegar;Compartilhar;Fechar,1440+ responsivo,Claro + Escuro,loading;vazio;erro;sucesso,API/Firestore reais,Sem ação visual sem destino; validar permissões e persistência.
52,02,Feed e publicações,Galeria de mídia,/app/midia,Galeria,Abrir;Navegar,1440+ responsivo,Claro + Escuro,loading;vazio;erro;sucesso,API/Firestore reais,Sem ação visual sem destino; validar permissões e persistência.
53,02,Feed e publicações,Editar foto,/app/editor/foto,Editar imagem,Cortar;Ajustar;Salvar,1440+ responsivo,Claro + Escuro,loading;vazio;erro;sucesso,API/Firestore reais,Sem ação visual sem destino; validar permissões e persistência.
54,02,Feed e publicações,Editor de vídeo,/app/editor/video,Editar vídeo,Cortar;Áudio;Texto;Salvar,1440+ responsivo,Claro + Escuro,loading;vazio;erro;sucesso,API/Firestore reais,Sem ação visual sem destino; validar permissões e persistência.
55,02,Feed e publicações,Prévia da publicação,/app/criar/preview,Revisar antes de publicar,Publicar;Agendar;Voltar,1440+ responsivo,Claro + Escuro,loading;vazio;erro;sucesso,API/Firestore reais,Sem ação visual sem destino; validar permissões e persistência.
56,03,Stories,Stories,/app/stories,Feed de Stories,Abrir;Navegar,1440+ responsivo,Claro + Escuro,loading;vazio;erro;sucesso,API/Firestore reais,Sem ação visual sem destino; validar permissões e persistência.
57,03,Stories,Criar Story,/app/stories/criar,Criar Story,Câmera;Upload;Texto,1440+ responsivo,Claro + Escuro,loading;vazio;erro;sucesso,API/Firestore reais,Sem ação visual sem destino; validar permissões e persistência.
58,03,Stories,Câmera do Story,/app/stories/camera,Captura de Story,Capturar;Trocar câmera,1440+ responsivo,Claro + Escuro,loading;vazio;erro;sucesso,API/Firestore reais,Sem ação visual sem destino; validar permissões e persistência.
59,03,Stories,Upload de foto para Story,/app/stories/foto,Selecionar foto,Upload;Editar,1440+ responsivo,Claro + Escuro,loading;vazio;erro;sucesso,API/Firestore reais,Sem ação visual sem destino; validar permissões e persistência.
60,03,Stories,Upload de vídeo para Story,/app/stories/video,Selecionar vídeo,Upload;Editar,1440+ responsivo,Claro + Escuro,loading;vazio;erro;sucesso,API/Firestore reais,Sem ação visual sem destino; validar permissões e persistência.
61,03,Stories,Story com texto,/app/stories/texto,Story textual,Editar;Publicar,1440+ responsivo,Claro + Escuro,loading;vazio;erro;sucesso,API/Firestore reais,Sem ação visual sem destino; validar permissões e persistência.
62,03,Stories,Story com música,/app/stories/musica,Adicionar música,Pesquisar;Selecionar,1440+ responsivo,Claro + Escuro,loading;vazio;erro;sucesso,API/Firestore reais,Sem ação visual sem destino; validar permissões e persistência.
63,03,Stories,Story com figurinha,/app/stories/figurinha,Adicionar figurinha,Selecionar;Posicionar,1440+ responsivo,Claro + Escuro,loading;vazio;erro;sucesso,API/Firestore reais,Sem ação visual sem destino; validar permissões e persistência.
64,03,Stories,Story com enquete,/app/stories/enquete,Criar enquete,Editar;Publicar,1440+ responsivo,Claro + Escuro,loading;vazio;erro;sucesso,API/Firestore reais,Sem ação visual sem destino; validar permissões e persistência.
65,03,Stories,Story com perguntas,/app/stories/perguntas,Criar perguntas,Editar;Publicar,1440+ responsivo,Claro + Escuro,loading;vazio;erro;sucesso,API/Firestore reais,Sem ação visual sem destino; validar permissões e persistência.
66,03,Stories,Story com localização,/app/stories/localizacao,Adicionar localização,Pesquisar;Selecionar,1440+ responsivo,Claro + Escuro,loading;vazio;erro;sucesso,API/Firestore reais,Sem ação visual sem destino; validar permissões e persistência.
67,03,Stories,Story com menção,/app/stories/mencao,Mencionar usuário,Pesquisar;Selecionar,1440+ responsivo,Claro + Escuro,loading;vazio;erro;sucesso,API/Firestore reais,Sem ação visual sem destino; validar permissões e persistência.
68,03,Stories,Story com GIF,/app/stories/gif,Adicionar GIF,Pesquisar;Selecionar,1440+ responsivo,Claro + Escuro,loading;vazio;erro;sucesso,API/Firestore reais,Sem ação visual sem destino; validar permissões e persistência.
69,03,Stories,Editor de Story,/app/stories/editor,Editar Story,Texto;Música;Figurinhas;Publicar,1440+ responsivo,Claro + Escuro,loading;vazio;erro;sucesso,API/Firestore reais,Sem ação visual sem destino; validar permissões e persistência.
70,03,Stories,Privacidade do Story,/app/stories/privacidade,Definir público,Salvar,1440+ responsivo,Claro + Escuro,loading;vazio;erro;sucesso,API/Firestore reais,Sem ação visual sem destino; validar permissões e persistência.
71,03,Stories,Arquivo de Stories,/app/stories/arquivo,Histórico de Stories,Visualizar;Excluir,1440+ responsivo,Claro + Escuro,loading;vazio;erro;sucesso,API/Firestore reais,Sem ação visual sem destino; validar permissões e persistência.
72,03,Stories,Visualizadores do Story,/app/stories/:id/visualizadores,Ver visualizações,Ver perfil,1440+ responsivo,Claro + Escuro,loading;vazio;erro;sucesso,API/Firestore reais,Sem ação visual sem destino; validar permissões e persistência.
73,03,Stories,Story destacado,/app/stories/destaque/:id,Ver destaque,Navegar,1440+ responsivo,Claro + Escuro,loading;vazio;erro;sucesso,API/Firestore reais,Sem ação visual sem destino; validar permissões e persistência.
74,03,Stories,Criar destaque,/app/stories/destaques/criar,Criar destaque,Selecionar;Salvar,1440+ responsivo,Claro + Escuro,loading;vazio;erro;sucesso,API/Firestore reais,Sem ação visual sem destino; validar permissões e persistência.
75,03,Stories,Editar destaque,/app/stories/destaques/:id/editar,Editar destaque,Salvar;Excluir,1440+ responsivo,Claro + Escuro,loading;vazio;erro;sucesso,API/Firestore reais,Sem ação visual sem destino; validar permissões e persistência.
76,04,Shorts,Shorts,/app/shorts,Feed vertical de vídeos,Curtir;Comentar;Compartilhar;Salvar,1440+ responsivo,Claro + Escuro,loading;vazio;erro;sucesso,API/Firestore reais,Sem ação visual sem destino; validar permissões e persistência.
77,04,Shorts,Criar Short,/app/shorts/criar,Criar vídeo curto,Câmera;Upload,1440+ responsivo,Claro + Escuro,loading;vazio;erro;sucesso,API/Firestore reais,Sem ação visual sem destino; validar permissões e persistência.
78,04,Shorts,Upload de vídeo Short,/app/shorts/criar/upload,Enviar vídeo,Upload;Continuar,1440+ responsivo,Claro + Escuro,loading;vazio;erro;sucesso,API/Firestore reais,Sem ação visual sem destino; validar permissões e persistência.
79,04,Shorts,Câmera do Short,/app/shorts/criar/camera,Gravar vídeo,Gravar;Parar,1440+ responsivo,Claro + Escuro,loading;vazio;erro;sucesso,API/Firestore reais,Sem ação visual sem destino; validar permissões e persistência.
80,04,Shorts,Cortar vídeo,/app/shorts/editor/corte,Editar duração,Cortar;Salvar,1440+ responsivo,Claro + Escuro,loading;vazio;erro;sucesso,API/Firestore reais,Sem ação visual sem destino; validar permissões e persistência.
81,04,Shorts,Áudio do vídeo,/app/shorts/editor/audio,Selecionar áudio,Pesquisar;Selecionar,1440+ responsivo,Claro + Escuro,loading;vazio;erro;sucesso,API/Firestore reais,Sem ação visual sem destino; validar permissões e persistência.
82,04,Shorts,Controle de volume,/app/shorts/editor/volume,Ajustar áudio,Salvar,1440+ responsivo,Claro + Escuro,loading;vazio;erro;sucesso,API/Firestore reais,Sem ação visual sem destino; validar permissões e persistência.
83,04,Shorts,Adicionar música,/app/shorts/editor/musica,Adicionar música,Pesquisar;Selecionar,1440+ responsivo,Claro + Escuro,loading;vazio;erro;sucesso,API/Firestore reais,Sem ação visual sem destino; validar permissões e persistência.
84,04,Shorts,Adicionar texto,/app/shorts/editor/texto,Adicionar texto,Editar;Salvar,1440+ responsivo,Claro + Escuro,loading;vazio;erro;sucesso,API/Firestore reais,Sem ação visual sem destino; validar permissões e persistência.
85,04,Shorts,Efeitos,/app/shorts/editor/efeitos,Aplicar efeitos,Selecionar;Salvar,1440+ responsivo,Claro + Escuro,loading;vazio;erro;sucesso,API/Firestore reais,Sem ação visual sem destino; validar permissões e persistência.
86,04,Shorts,Figurinhas,/app/shorts/editor/figurinhas,Adicionar figurinhas,Selecionar;Posicionar,1440+ responsivo,Claro + Escuro,loading;vazio;erro;sucesso,API/Firestore reais,Sem ação visual sem destino; validar permissões e persistência.
87,04,Shorts,Selecionar capa,/app/shorts/editor/capa,Definir capa,Selecionar;Salvar,1440+ responsivo,Claro + Escuro,loading;vazio;erro;sucesso,API/Firestore reais,Sem ação visual sem destino; validar permissões e persistência.
88,04,Shorts,Editar legenda,/app/shorts/editor/legenda,Definir legenda,Salvar,1440+ responsivo,Claro + Escuro,loading;vazio;erro;sucesso,API/Firestore reais,Sem ação visual sem destino; validar permissões e persistência.
89,04,Shorts,Adicionar hashtags,/app/shorts/editor/hashtags,Adicionar hashtags,Adicionar;Remover,1440+ responsivo,Claro + Escuro,loading;vazio;erro;sucesso,API/Firestore reais,Sem ação visual sem destino; validar permissões e persistência.
90,04,Shorts,Selecionar público do Short,/app/shorts/editor/publico,Definir visibilidade,Salvar,1440+ responsivo,Claro + Escuro,loading;vazio;erro;sucesso,API/Firestore reais,Sem ação visual sem destino; validar permissões e persistência.
91,04,Shorts,Agendar Short,/app/shorts/agendar,Agendar vídeo,Escolher data;Agendar,1440+ responsivo,Claro + Escuro,loading;vazio;erro;sucesso,API/Firestore reais,Sem ação visual sem destino; validar permissões e persistência.
92,04,Shorts,Rascunhos de Shorts,/app/shorts/rascunhos,Gerenciar rascunhos,Editar;Excluir;Publicar,1440+ responsivo,Claro + Escuro,loading;vazio;erro;sucesso,API/Firestore reais,Sem ação visual sem destino; validar permissões e persistência.
93,04,Shorts,Estatísticas do Short,/app/shorts/:id/insights,Métricas do Short,Período;Exportar,1440+ responsivo,Claro + Escuro,loading;vazio;erro;sucesso,API/Firestore reais,Sem ação visual sem destino; validar permissões e persistência.
94,04,Shorts,Comentários do Short,/app/shorts/:id/comentarios,Comentários,Responder;Denunciar,1440+ responsivo,Claro + Escuro,loading;vazio;erro;sucesso,API/Firestore reais,Sem ação visual sem destino; validar permissões e persistência.
95,04,Shorts,Compartilhamento do Short,/app/shorts/:id/compartilhar,Compartilhar Short,Compartilhar;Copiar link,1440+ responsivo,Claro + Escuro,loading;vazio;erro;sucesso,API/Firestore reais,Sem ação visual sem destino; validar permissões e persistência.
96,05,Perfil,Meu perfil,/app/perfil,Perfil do usuário atual,Editar;Publicar;Configurar,1440+ responsivo,Claro + Escuro,loading;vazio;erro;sucesso,API/Firestore reais,Sem ação visual sem destino; validar permissões e persistência.
97,05,Perfil,Perfil de outro usuário,/app/perfil/:id,Perfil público,Seguir;Mensagem;Denunciar,1440+ responsivo,Claro + Escuro,loading;vazio;erro;sucesso,API/Firestore reais,Sem ação visual sem destino; validar permissões e persistência.
98,05,Perfil,Editar perfil,/app/perfil/editar,Editar informações,Salvar,1440+ responsivo,Claro + Escuro,loading;vazio;erro;sucesso,API/Firestore reais,Sem ação visual sem destino; validar permissões e persistência.
99,05,Perfil,Editar foto do perfil,/app/perfil/editar/foto,Alterar avatar,Upload;Salvar,1440+ responsivo,Claro + Escuro,loading;vazio;erro;sucesso,API/Firestore reais,Sem ação visual sem destino; validar permissões e persistência.
100,05,Perfil,Editar capa,/app/perfil/editar/capa,Alterar capa,Upload;Salvar,1440+ responsivo,Claro + Escuro,loading;vazio;erro;sucesso,API/Firestore reais,Sem ação visual sem destino; validar permissões e persistência.
101,05,Perfil,Editar bio,/app/perfil/editar/bio,Alterar biografia,Salvar,1440+ responsivo,Claro + Escuro,loading;vazio;erro;sucesso,API/Firestore reais,Sem ação visual sem destino; validar permissões e persistência.
102,05,Perfil,Informações pessoais,/app/perfil/informacoes,Dados do perfil,Editar;Privacidade,1440+ responsivo,Claro + Escuro,loading;vazio;erro;sucesso,API/Firestore reais,Sem ação visual sem destino; validar permissões e persistência.
103,05,Perfil,Publicações do perfil,/app/perfil/publicacoes,Posts do perfil,Abrir;Editar,1440+ responsivo,Claro + Escuro,loading;vazio;erro;sucesso,API/Firestore reais,Sem ação visual sem destino; validar permissões e persistência.
104,05,Perfil,Fotos do perfil,/app/perfil/fotos,Fotos,Abrir;Excluir,1440+ responsivo,Claro + Escuro,loading;vazio;erro;sucesso,API/Firestore reais,Sem ação visual sem destino; validar permissões e persistência.
105,05,Perfil,Vídeos do perfil,/app/perfil/videos,Vídeos,Abrir;Gerenciar,1440+ responsivo,Claro + Escuro,loading;vazio;erro;sucesso,API/Firestore reais,Sem ação visual sem destino; validar permissões e persistência.
106,05,Perfil,Reels do perfil,/app/perfil/reels,Shorts do perfil,Abrir;Gerenciar,1440+ responsivo,Claro + Escuro,loading;vazio;erro;sucesso,API/Firestore reais,Sem ação visual sem destino; validar permissões e persistência.
107,05,Perfil,Stories destacados do perfil,/app/perfil/destaques,Destaques,Abrir;Editar,1440+ responsivo,Claro + Escuro,loading;vazio;erro;sucesso,API/Firestore reais,Sem ação visual sem destino; validar permissões e persistência.
108,05,Perfil,Seguidores,/app/perfil/seguidores,Lista de seguidores,Pesquisar;Remover,1440+ responsivo,Claro + Escuro,loading;vazio;erro;sucesso,API/Firestore reais,Sem ação visual sem destino; validar permissões e persistência.
109,05,Perfil,Seguindo,/app/perfil/seguindo,Lista de contas seguidas,Pesquisar;Deixar de seguir,1440+ responsivo,Claro + Escuro,loading;vazio;erro;sucesso,API/Firestore reais,Sem ação visual sem destino; validar permissões e persistência.
110,05,Perfil,Amigos e conexões,/app/perfil/amigos,Conexões,Pesquisar;Gerenciar,1440+ responsivo,Claro + Escuro,loading;vazio;erro;sucesso,API/Firestore reais,Sem ação visual sem destino; validar permissões e persistência.
111,05,Perfil,Sobre,/app/perfil/sobre,Informações detalhadas,Editar,1440+ responsivo,Claro + Escuro,loading;vazio;erro;sucesso,API/Firestore reais,Sem ação visual sem destino; validar permissões e persistência.
112,05,Perfil,Atividade do perfil,/app/perfil/atividade,Histórico de atividade,Filtrar,1440+ responsivo,Claro + Escuro,loading;vazio;erro;sucesso,API/Firestore reais,Sem ação visual sem destino; validar permissões e persistência.
113,05,Perfil,Menções,/app/perfil/mencoes,Conteúdos que mencionam o usuário,Abrir;Remover marcação,1440+ responsivo,Claro + Escuro,loading;vazio;erro;sucesso,API/Firestore reais,Sem ação visual sem destino; validar permissões e persistência.
114,05,Perfil,Curtidas,/app/perfil/curtidas,Conteúdos curtidos,Abrir;Remover,1440+ responsivo,Claro + Escuro,loading;vazio;erro;sucesso,API/Firestore reais,Sem ação visual sem destino; validar permissões e persistência.
115,05,Perfil,Itens salvos,/app/perfil/salvos,Itens salvos,Abrir;Remover,1440+ responsivo,Claro + Escuro,loading;vazio;erro;sucesso,API/Firestore reais,Sem ação visual sem destino; validar permissões e persistência.
116,05,Perfil,Configurações do perfil,/app/perfil/configuracoes,Preferências do perfil,Salvar,1440+ responsivo,Claro + Escuro,loading;vazio;erro;sucesso,API/Firestore reais,Sem ação visual sem destino; validar permissões e persistência.
117,06,Explorar e pesquisa,Explorar,/app/explorar/explorar,Tela funcional de Explorar,Abrir;Salvar;Voltar,1440+ responsivo,Claro + Escuro,loading;vazio;erro;sucesso,API/Firestore reais,Sem ação visual sem destino; validar permissões e persistência.
118,06,Explorar e pesquisa,Pesquisa geral,/app/explorar/pesquisa-geral,Tela funcional de Pesquisa geral,Abrir;Salvar;Voltar,1440+ responsivo,Claro + Escuro,loading;vazio;erro;sucesso,API/Firestore reais,Sem ação visual sem destino; validar permissões e persistência.
119,06,Explorar e pesquisa,Resultados de pessoas,/app/explorar/resultados-de-pessoas,Tela funcional de Resultados de pessoas,Abrir;Salvar;Voltar,1440+ responsivo,Claro + Escuro,loading;vazio;erro;sucesso,API/Firestore reais,Sem ação visual sem destino; validar permissões e persistência.
120,06,Explorar e pesquisa,Resultados de publicações,/app/explorar/resultados-de-publicações,Tela funcional de Resultados de publicações,Abrir;Salvar;Voltar,1440+ responsivo,Claro + Escuro,loading;vazio;erro;sucesso,API/Firestore reais,Sem ação visual sem destino; validar permissões e persistência.
121,06,Explorar e pesquisa,Resultados de vídeos,/app/explorar/resultados-de-vídeos,Tela funcional de Resultados de vídeos,Abrir;Salvar;Voltar,1440+ responsivo,Claro + Escuro,loading;vazio;erro;sucesso,API/Firestore reais,Sem ação visual sem destino; validar permissões e persistência.
122,06,Explorar e pesquisa,Resultados de Shorts,/app/explorar/resultados-de-shorts,Tela funcional de Resultados de Shorts,Abrir;Salvar;Voltar,1440+ responsivo,Claro + Escuro,loading;vazio;erro;sucesso,API/Firestore reais,Sem ação visual sem destino; validar permissões e persistência.
123,06,Explorar e pesquisa,Resultados de fotos,/app/explorar/resultados-de-fotos,Tela funcional de Resultados de fotos,Abrir;Salvar;Voltar,1440+ responsivo,Claro + Escuro,loading;vazio;erro;sucesso,API/Firestore reais,Sem ação visual sem destino; validar permissões e persistência.
124,06,Explorar e pesquisa,Resultados de grupos,/app/explorar/resultados-de-grupos,Tela funcional de Resultados de grupos,Abrir;Salvar;Voltar,1440+ responsivo,Claro + Escuro,loading;vazio;erro;sucesso,API/Firestore reais,Sem ação visual sem destino; validar permissões e persistência.
125,06,Explorar e pesquisa,Resultados de Páginas,/app/explorar/resultados-de-páginas,Tela funcional de Resultados de Páginas,Abrir;Salvar;Voltar,1440+ responsivo,Claro + Escuro,loading;vazio;erro;sucesso,API/Firestore reais,Sem ação visual sem destino; validar permissões e persistência.
126,06,Explorar e pesquisa,Resultados de comunidades,/app/explorar/resultados-de-comunidades,Tela funcional de Resultados de comunidades,Abrir;Salvar;Voltar,1440+ responsivo,Claro + Escuro,loading;vazio;erro;sucesso,API/Firestore reais,Sem ação visual sem destino; validar permissões e persistência.
127,06,Explorar e pesquisa,Resultados do Marketplace,/app/explorar/resultados-do-marketplace,Tela funcional de Resultados do Marketplace,Abrir;Salvar;Voltar,1440+ responsivo,Claro + Escuro,loading;vazio;erro;sucesso,API/Firestore reais,Sem ação visual sem destino; validar permissões e persistência.
128,06,Explorar e pesquisa,Tendências,/app/explorar/tendências,Tela funcional de Tendências,Abrir;Salvar;Voltar,1440+ responsivo,Claro + Escuro,loading;vazio;erro;sucesso,API/Firestore reais,Sem ação visual sem destino; validar permissões e persistência.
129,06,Explorar e pesquisa,Hashtag,/app/explorar/hashtag,Tela funcional de Hashtag,Abrir;Salvar;Voltar,1440+ responsivo,Claro + Escuro,loading;vazio;erro;sucesso,API/Firestore reais,Sem ação visual sem destino; validar permissões e persistência.
130,06,Explorar e pesquisa,Página de hashtag,/app/explorar/página-de-hashtag,Tela funcional de Página de hashtag,Abrir;Salvar;Voltar,1440+ responsivo,Claro + Escuro,loading;vazio;erro;sucesso,API/Firestore reais,Sem ação visual sem destino; validar permissões e persistência.
131,06,Explorar e pesquisa,Histórico de pesquisa,/app/explorar/histórico-de-pesquisa,Tela funcional de Histórico de pesquisa,Abrir;Salvar;Voltar,1440+ responsivo,Claro + Escuro,loading;vazio;erro;sucesso,API/Firestore reais,Sem ação visual sem destino; validar permissões e persistência.
132,06,Explorar e pesquisa,Sugestões de pesquisa,/app/explorar/sugestões-de-pesquisa,Tela funcional de Sugestões de pesquisa,Abrir;Salvar;Voltar,1440+ responsivo,Claro + Escuro,loading;vazio;erro;sucesso,API/Firestore reais,Sem ação visual sem destino; validar permissões e persistência.
133,06,Explorar e pesquisa,Busca avançada,/app/explorar/busca-avançada,Tela funcional de Busca avançada,Abrir;Salvar;Voltar,1440+ responsivo,Claro + Escuro,loading;vazio;erro;sucesso,API/Firestore reais,Sem ação visual sem destino; validar permissões e persistência.
134,06,Explorar e pesquisa,Resultados recentes,/app/explorar/resultados-recentes,Tela funcional de Resultados recentes,Abrir;Salvar;Voltar,1440+ responsivo,Claro + Escuro,loading;vazio;erro;sucesso,API/Firestore reais,Sem ação visual sem destino; validar permissões e persistência.
135,06,Explorar e pesquisa,Conteúdo recomendado,/app/explorar/conteúdo-recomendado,Tela funcional de Conteúdo recomendado,Abrir;Salvar;Voltar,1440+ responsivo,Claro + Escuro,loading;vazio;erro;sucesso,API/Firestore reais,Sem ação visual sem destino; validar permissões e persistência.
136,07,Mensagens,Caixa de entrada,/app/mensagens/caixa-de-entrada,Tela funcional de Caixa de entrada,Abrir;Salvar;Voltar,1440+ responsivo,Claro + Escuro,loading;vazio;erro;sucesso,API/Firestore reais,Sem ação visual sem destino; validar permissões e persistência.
137,07,Mensagens,Conversa aberta,/app/mensagens/conversa-aberta,Tela funcional de Conversa aberta,Abrir;Salvar;Voltar,1440+ responsivo,Claro + Escuro,loading;vazio;erro;sucesso,API/Firestore reais,Sem ação visual sem destino; validar permissões e persistência.
138,07,Mensagens,Nova conversa,/app/mensagens/nova-conversa,Tela funcional de Nova conversa,Abrir;Salvar;Voltar,1440+ responsivo,Claro + Escuro,loading;vazio;erro;sucesso,API/Firestore reais,Sem ação visual sem destino; validar permissões e persistência.
139,07,Mensagens,Solicitações de mensagem,/app/mensagens/solicitações-de-mensagem,Tela funcional de Solicitações de mensagem,Abrir;Salvar;Voltar,1440+ responsivo,Claro + Escuro,loading;vazio;erro;sucesso,API/Firestore reais,Sem ação visual sem destino; validar permissões e persistência.
140,07,Mensagens,Conversas arquivadas,/app/mensagens/conversas-arquivadas,Tela funcional de Conversas arquivadas,Abrir;Salvar;Voltar,1440+ responsivo,Claro + Escuro,loading;vazio;erro;sucesso,API/Firestore reais,Sem ação visual sem destino; validar permissões e persistência.
141,07,Mensagens,Mensagens não lidas,/app/mensagens/mensagens-não-lidas,Tela funcional de Mensagens não lidas,Abrir;Salvar;Voltar,1440+ responsivo,Claro + Escuro,loading;vazio;erro;sucesso,API/Firestore reais,Sem ação visual sem destino; validar permissões e persistência.
142,07,Mensagens,Pesquisar mensagens,/app/mensagens/pesquisar-mensagens,Tela funcional de Pesquisar mensagens,Abrir;Salvar;Voltar,1440+ responsivo,Claro + Escuro,loading;vazio;erro;sucesso,API/Firestore reais,Sem ação visual sem destino; validar permissões e persistência.
143,07,Mensagens,Enviar foto,/app/mensagens/enviar-foto,Tela funcional de Enviar foto,Abrir;Salvar;Voltar,1440+ responsivo,Claro + Escuro,loading;vazio;erro;sucesso,API/Firestore reais,Sem ação visual sem destino; validar permissões e persistência.
144,07,Mensagens,Enviar vídeo,/app/mensagens/enviar-vídeo,Tela funcional de Enviar vídeo,Abrir;Salvar;Voltar,1440+ responsivo,Claro + Escuro,loading;vazio;erro;sucesso,API/Firestore reais,Sem ação visual sem destino; validar permissões e persistência.
145,07,Mensagens,Enviar arquivo,/app/mensagens/enviar-arquivo,Tela funcional de Enviar arquivo,Abrir;Salvar;Voltar,1440+ responsivo,Claro + Escuro,loading;vazio;erro;sucesso,API/Firestore reais,Sem ação visual sem destino; validar permissões e persistência.
146,07,Mensagens,Enviar figurinha,/app/mensagens/enviar-figurinha,Tela funcional de Enviar figurinha,Abrir;Salvar;Voltar,1440+ responsivo,Claro + Escuro,loading;vazio;erro;sucesso,API/Firestore reais,Sem ação visual sem destino; validar permissões e persistência.
147,07,Mensagens,Enviar GIF,/app/mensagens/enviar-gif,Tela funcional de Enviar GIF,Abrir;Salvar;Voltar,1440+ responsivo,Claro + Escuro,loading;vazio;erro;sucesso,API/Firestore reais,Sem ação visual sem destino; validar permissões e persistência.
148,07,Mensagens,Enviar áudio,/app/mensagens/enviar-áudio,Tela funcional de Enviar áudio,Abrir;Salvar;Voltar,1440+ responsivo,Claro + Escuro,loading;vazio;erro;sucesso,API/Firestore reais,Sem ação visual sem destino; validar permissões e persistência.
149,07,Mensagens,Reagir à mensagem,/app/mensagens/reagir-à-mensagem,Tela funcional de Reagir à mensagem,Abrir;Salvar;Voltar,1440+ responsivo,Claro + Escuro,loading;vazio;erro;sucesso,API/Firestore reais,Sem ação visual sem destino; validar permissões e persistência.
150,07,Mensagens,Responder mensagem,/app/mensagens/responder-mensagem,Tela funcional de Responder mensagem,Abrir;Salvar;Voltar,1440+ responsivo,Claro + Escuro,loading;vazio;erro;sucesso,API/Firestore reais,Sem ação visual sem destino; validar permissões e persistência.
151,07,Mensagens,Encaminhar mensagem,/app/mensagens/encaminhar-mensagem,Tela funcional de Encaminhar mensagem,Abrir;Salvar;Voltar,1440+ responsivo,Claro + Escuro,loading;vazio;erro;sucesso,API/Firestore reais,Sem ação visual sem destino; validar permissões e persistência.
152,07,Mensagens,Apagar mensagem,/app/mensagens/apagar-mensagem,Tela funcional de Apagar mensagem,Abrir;Salvar;Voltar,1440+ responsivo,Claro + Escuro,loading;vazio;erro;sucesso,API/Firestore reais,Sem ação visual sem destino; validar permissões e persistência.
153,07,Mensagens,Silenciar conversa,/app/mensagens/silenciar-conversa,Tela funcional de Silenciar conversa,Abrir;Salvar;Voltar,1440+ responsivo,Claro + Escuro,loading;vazio;erro;sucesso,API/Firestore reais,Sem ação visual sem destino; validar permissões e persistência.
154,07,Mensagens,Bloquear conversa,/app/mensagens/bloquear-conversa,Tela funcional de Bloquear conversa,Abrir;Salvar;Voltar,1440+ responsivo,Claro + Escuro,loading;vazio;erro;sucesso,API/Firestore reais,Sem ação visual sem destino; validar permissões e persistência.
155,07,Mensagens,Denunciar conversa,/app/mensagens/denunciar-conversa,Tela funcional de Denunciar conversa,Abrir;Salvar;Voltar,1440+ responsivo,Claro + Escuro,loading;vazio;erro;sucesso,API/Firestore reais,Sem ação visual sem destino; validar permissões e persistência.
156,08,Notificações,Notificações,/app/notificacoes,Tela funcional de Notificações,Abrir;Salvar;Voltar,1440+ responsivo,Claro + Escuro,loading;vazio;erro;sucesso,API/Firestore reais,Sem ação visual sem destino; validar permissões e persistência.
157,08,Notificações,Curtidas,/app/notificacoes/curtidas,Tela funcional de Curtidas,Abrir;Salvar;Voltar,1440+ responsivo,Claro + Escuro,loading;vazio;erro;sucesso,API/Firestore reais,Sem ação visual sem destino; validar permissões e persistência.
158,08,Notificações,Comentários,/app/notificacoes/comentários,Tela funcional de Comentários,Abrir;Salvar;Voltar,1440+ responsivo,Claro + Escuro,loading;vazio;erro;sucesso,API/Firestore reais,Sem ação visual sem destino; validar permissões e persistência.
159,08,Notificações,Menções,/app/notificacoes/menções,Tela funcional de Menções,Abrir;Salvar;Voltar,1440+ responsivo,Claro + Escuro,loading;vazio;erro;sucesso,API/Firestore reais,Sem ação visual sem destino; validar permissões e persistência.
160,08,Notificações,Novos seguidores,/app/notificacoes/novos-seguidores,Tela funcional de Novos seguidores,Abrir;Salvar;Voltar,1440+ responsivo,Claro + Escuro,loading;vazio;erro;sucesso,API/Firestore reais,Sem ação visual sem destino; validar permissões e persistência.
161,08,Notificações,Solicitações de amizade,/app/notificacoes/solicitações-de-amizade,Tela funcional de Solicitações de amizade,Abrir;Salvar;Voltar,1440+ responsivo,Claro + Escuro,loading;vazio;erro;sucesso,API/Firestore reais,Sem ação visual sem destino; validar permissões e persistência.
162,08,Notificações,Mensagens,/app/notificacoes/mensagens,Tela funcional de Mensagens,Abrir;Salvar;Voltar,1440+ responsivo,Claro + Escuro,loading;vazio;erro;sucesso,API/Firestore reais,Sem ação visual sem destino; validar permissões e persistência.
163,08,Notificações,Stories,/app/notificacoes/stories,Tela funcional de Stories,Abrir;Salvar;Voltar,1440+ responsivo,Claro + Escuro,loading;vazio;erro;sucesso,API/Firestore reais,Sem ação visual sem destino; validar permissões e persistência.
164,08,Notificações,Shorts,/app/notificacoes/shorts,Tela funcional de Shorts,Abrir;Salvar;Voltar,1440+ responsivo,Claro + Escuro,loading;vazio;erro;sucesso,API/Firestore reais,Sem ação visual sem destino; validar permissões e persistência.
165,08,Notificações,Grupos,/app/notificacoes/grupos,Tela funcional de Grupos,Abrir;Salvar;Voltar,1440+ responsivo,Claro + Escuro,loading;vazio;erro;sucesso,API/Firestore reais,Sem ação visual sem destino; validar permissões e persistência.
166,08,Notificações,Páginas,/app/notificacoes/páginas,Tela funcional de Páginas,Abrir;Salvar;Voltar,1440+ responsivo,Claro + Escuro,loading;vazio;erro;sucesso,API/Firestore reais,Sem ação visual sem destino; validar permissões e persistência.
167,08,Notificações,Marketplace,/app/notificacoes/marketplace,Tela funcional de Marketplace,Abrir;Salvar;Voltar,1440+ responsivo,Claro + Escuro,loading;vazio;erro;sucesso,API/Firestore reais,Sem ação visual sem destino; validar permissões e persistência.
168,08,Notificações,Segurança,/app/notificacoes/segurança,Tela funcional de Segurança,Abrir;Salvar;Voltar,1440+ responsivo,Claro + Escuro,loading;vazio;erro;sucesso,API/Firestore reais,Sem ação visual sem destino; validar permissões e persistência.
169,08,Notificações,Notificações push,/app/notificacoes/notificações-push,Tela funcional de Notificações push,Abrir;Salvar;Voltar,1440+ responsivo,Claro + Escuro,loading;vazio;erro;sucesso,API/Firestore reais,Sem ação visual sem destino; validar permissões e persistência.
170,08,Notificações,Preferências de notificações,/app/notificacoes/preferências-de-notificações,Tela funcional de Preferências de notificações,Abrir;Salvar;Voltar,1440+ responsivo,Claro + Escuro,loading;vazio;erro;sucesso,API/Firestore reais,Sem ação visual sem destino; validar permissões e persistência.
171,09,Comunidades e grupos,Comunidades,/app/comunidades/comunidades,Tela funcional de Comunidades,Abrir;Salvar;Voltar,1440+ responsivo,Claro + Escuro,loading;vazio;erro;sucesso,API/Firestore reais,Sem ação visual sem destino; validar permissões e persistência.
172,09,Comunidades e grupos,Descobrir comunidades,/app/comunidades/descobrir-comunidades,Tela funcional de Descobrir comunidades,Abrir;Salvar;Voltar,1440+ responsivo,Claro + Escuro,loading;vazio;erro;sucesso,API/Firestore reais,Sem ação visual sem destino; validar permissões e persistência.
173,09,Comunidades e grupos,Minhas comunidades,/app/comunidades/minhas-comunidades,Tela funcional de Minhas comunidades,Abrir;Salvar;Voltar,1440+ responsivo,Claro + Escuro,loading;vazio;erro;sucesso,API/Firestore reais,Sem ação visual sem destino; validar permissões e persistência.
174,09,Comunidades e grupos,Criar comunidade,/app/comunidades/criar-comunidade,Tela funcional de Criar comunidade,Abrir;Salvar;Voltar,1440+ responsivo,Claro + Escuro,loading;vazio;erro;sucesso,API/Firestore reais,Sem ação visual sem destino; validar permissões e persistência.
175,09,Comunidades e grupos,Página da comunidade,/app/comunidades/página-da-comunidade,Tela funcional de Página da comunidade,Abrir;Salvar;Voltar,1440+ responsivo,Claro + Escuro,loading;vazio;erro;sucesso,API/Firestore reais,Sem ação visual sem destino; validar permissões e persistência.
176,09,Comunidades e grupos,Feed da comunidade,/app/comunidades/feed-da-comunidade,Tela funcional de Feed da comunidade,Abrir;Salvar;Voltar,1440+ responsivo,Claro + Escuro,loading;vazio;erro;sucesso,API/Firestore reais,Sem ação visual sem destino; validar permissões e persistência.
177,09,Comunidades e grupos,Membros,/app/comunidades/membros,Tela funcional de Membros,Abrir;Salvar;Voltar,1440+ responsivo,Claro + Escuro,loading;vazio;erro;sucesso,API/Firestore reais,Sem ação visual sem destino; validar permissões e persistência.
178,09,Comunidades e grupos,Administradores,/app/comunidades/administradores,Tela funcional de Administradores,Abrir;Salvar;Voltar,1440+ responsivo,Claro + Escuro,loading;vazio;erro;sucesso,API/Firestore reais,Sem ação visual sem destino; validar permissões e persistência.
179,09,Comunidades e grupos,Solicitações,/app/comunidades/solicitações,Tela funcional de Solicitações,Abrir;Salvar;Voltar,1440+ responsivo,Claro + Escuro,loading;vazio;erro;sucesso,API/Firestore reais,Sem ação visual sem destino; validar permissões e persistência.
180,09,Comunidades e grupos,Convites,/app/comunidades/convites,Tela funcional de Convites,Abrir;Salvar;Voltar,1440+ responsivo,Claro + Escuro,loading;vazio;erro;sucesso,API/Firestore reais,Sem ação visual sem destino; validar permissões e persistência.
181,09,Comunidades e grupos,Eventos da comunidade,/app/comunidades/eventos-da-comunidade,Tela funcional de Eventos da comunidade,Abrir;Salvar;Voltar,1440+ responsivo,Claro + Escuro,loading;vazio;erro;sucesso,API/Firestore reais,Sem ação visual sem destino; validar permissões e persistência.
182,09,Comunidades e grupos,Arquivos da comunidade,/app/comunidades/arquivos-da-comunidade,Tela funcional de Arquivos da comunidade,Abrir;Salvar;Voltar,1440+ responsivo,Claro + Escuro,loading;vazio;erro;sucesso,API/Firestore reais,Sem ação visual sem destino; validar permissões e persistência.
183,09,Comunidades e grupos,Perguntas,/app/comunidades/perguntas,Tela funcional de Perguntas,Abrir;Salvar;Voltar,1440+ responsivo,Claro + Escuro,loading;vazio;erro;sucesso,API/Firestore reais,Sem ação visual sem destino; validar permissões e persistência.
184,09,Comunidades e grupos,Regras,/app/comunidades/regras,Tela funcional de Regras,Abrir;Salvar;Voltar,1440+ responsivo,Claro + Escuro,loading;vazio;erro;sucesso,API/Firestore reais,Sem ação visual sem destino; validar permissões e persistência.
185,09,Comunidades e grupos,Moderação,/app/comunidades/moderação,Tela funcional de Moderação,Abrir;Salvar;Voltar,1440+ responsivo,Claro + Escuro,loading;vazio;erro;sucesso,API/Firestore reais,Sem ação visual sem destino; validar permissões e persistência.
186,09,Comunidades e grupos,Denúncias da comunidade,/app/comunidades/denúncias-da-comunidade,Tela funcional de Denúncias da comunidade,Abrir;Salvar;Voltar,1440+ responsivo,Claro + Escuro,loading;vazio;erro;sucesso,API/Firestore reais,Sem ação visual sem destino; validar permissões e persistência.
187,09,Comunidades e grupos,Banimentos,/app/comunidades/banimentos,Tela funcional de Banimentos,Abrir;Salvar;Voltar,1440+ responsivo,Claro + Escuro,loading;vazio;erro;sucesso,API/Firestore reais,Sem ação visual sem destino; validar permissões e persistência.
188,09,Comunidades e grupos,Configurações da comunidade,/app/comunidades/configurações-da-comunidade,Tela funcional de Configurações da comunidade,Abrir;Salvar;Voltar,1440+ responsivo,Claro + Escuro,loading;vazio;erro;sucesso,API/Firestore reais,Sem ação visual sem destino; validar permissões e persistência.
189,09,Comunidades e grupos,Editar comunidade,/app/comunidades/editar-comunidade,Tela funcional de Editar comunidade,Abrir;Salvar;Voltar,1440+ responsivo,Claro + Escuro,loading;vazio;erro;sucesso,API/Firestore reais,Sem ação visual sem destino; validar permissões e persistência.
190,09,Comunidades e grupos,Insights da comunidade,/app/comunidades/insights-da-comunidade,Tela funcional de Insights da comunidade,Abrir;Salvar;Voltar,1440+ responsivo,Claro + Escuro,loading;vazio;erro;sucesso,API/Firestore reais,Sem ação visual sem destino; validar permissões e persistência.
191,10,Salvos e eventos,Salvos,/app/salvos/salvos,Tela funcional de Salvos,Abrir;Salvar;Voltar,1440+ responsivo,Claro + Escuro,loading;vazio;erro;sucesso,API/Firestore reais,Sem ação visual sem destino; validar permissões e persistência.
192,10,Salvos e eventos,Publicações salvas,/app/salvos/publicações-salvas,Tela funcional de Publicações salvas,Abrir;Salvar;Voltar,1440+ responsivo,Claro + Escuro,loading;vazio;erro;sucesso,API/Firestore reais,Sem ação visual sem destino; validar permissões e persistência.
193,10,Salvos e eventos,Vídeos salvos,/app/salvos/vídeos-salvos,Tela funcional de Vídeos salvos,Abrir;Salvar;Voltar,1440+ responsivo,Claro + Escuro,loading;vazio;erro;sucesso,API/Firestore reais,Sem ação visual sem destino; validar permissões e persistência.
194,10,Salvos e eventos,Shorts salvos,/app/salvos/shorts-salvos,Tela funcional de Shorts salvos,Abrir;Salvar;Voltar,1440+ responsivo,Claro + Escuro,loading;vazio;erro;sucesso,API/Firestore reais,Sem ação visual sem destino; validar permissões e persistência.
195,10,Salvos e eventos,Links salvos,/app/salvos/links-salvos,Tela funcional de Links salvos,Abrir;Salvar;Voltar,1440+ responsivo,Claro + Escuro,loading;vazio;erro;sucesso,API/Firestore reais,Sem ação visual sem destino; validar permissões e persistência.
196,10,Salvos e eventos,Coleções,/app/salvos/coleções,Tela funcional de Coleções,Abrir;Salvar;Voltar,1440+ responsivo,Claro + Escuro,loading;vazio;erro;sucesso,API/Firestore reais,Sem ação visual sem destino; validar permissões e persistência.
197,10,Salvos e eventos,Criar coleção,/app/salvos/criar-coleção,Tela funcional de Criar coleção,Abrir;Salvar;Voltar,1440+ responsivo,Claro + Escuro,loading;vazio;erro;sucesso,API/Firestore reais,Sem ação visual sem destino; validar permissões e persistência.
198,10,Salvos e eventos,Editar coleção,/app/salvos/editar-coleção,Tela funcional de Editar coleção,Abrir;Salvar;Voltar,1440+ responsivo,Claro + Escuro,loading;vazio;erro;sucesso,API/Firestore reais,Sem ação visual sem destino; validar permissões e persistência.
199,10,Salvos e eventos,Excluir coleção,/app/salvos/excluir-coleção,Tela funcional de Excluir coleção,Abrir;Salvar;Voltar,1440+ responsivo,Claro + Escuro,loading;vazio;erro;sucesso,API/Firestore reais,Sem ação visual sem destino; validar permissões e persistência.
200,10,Salvos e eventos,Eventos,/app/salvos/eventos,Tela funcional de Eventos,Abrir;Salvar;Voltar,1440+ responsivo,Claro + Escuro,loading;vazio;erro;sucesso,API/Firestore reais,Sem ação visual sem destino; validar permissões e persistência.
201,10,Salvos e eventos,Descobrir eventos,/app/salvos/descobrir-eventos,Tela funcional de Descobrir eventos,Abrir;Salvar;Voltar,1440+ responsivo,Claro + Escuro,loading;vazio;erro;sucesso,API/Firestore reais,Sem ação visual sem destino; validar permissões e persistência.
202,10,Salvos e eventos,Meus eventos,/app/salvos/meus-eventos,Tela funcional de Meus eventos,Abrir;Salvar;Voltar,1440+ responsivo,Claro + Escuro,loading;vazio;erro;sucesso,API/Firestore reais,Sem ação visual sem destino; validar permissões e persistência.
203,10,Salvos e eventos,Criar evento,/app/salvos/criar-evento,Tela funcional de Criar evento,Abrir;Salvar;Voltar,1440+ responsivo,Claro + Escuro,loading;vazio;erro;sucesso,API/Firestore reais,Sem ação visual sem destino; validar permissões e persistência.
204,10,Salvos e eventos,Página do evento,/app/salvos/página-do-evento,Tela funcional de Página do evento,Abrir;Salvar;Voltar,1440+ responsivo,Claro + Escuro,loading;vazio;erro;sucesso,API/Firestore reais,Sem ação visual sem destino; validar permissões e persistência.
205,10,Salvos e eventos,Participantes,/app/salvos/participantes,Tela funcional de Participantes,Abrir;Salvar;Voltar,1440+ responsivo,Claro + Escuro,loading;vazio;erro;sucesso,API/Firestore reais,Sem ação visual sem destino; validar permissões e persistência.
206,10,Salvos e eventos,Convites do evento,/app/salvos/convites-do-evento,Tela funcional de Convites do evento,Abrir;Salvar;Voltar,1440+ responsivo,Claro + Escuro,loading;vazio;erro;sucesso,API/Firestore reais,Sem ação visual sem destino; validar permissões e persistência.
207,10,Salvos e eventos,Agenda do evento,/app/salvos/agenda-do-evento,Tela funcional de Agenda do evento,Abrir;Salvar;Voltar,1440+ responsivo,Claro + Escuro,loading;vazio;erro;sucesso,API/Firestore reais,Sem ação visual sem destino; validar permissões e persistência.
208,10,Salvos e eventos,Localização do evento,/app/salvos/localização-do-evento,Tela funcional de Localização do evento,Abrir;Salvar;Voltar,1440+ responsivo,Claro + Escuro,loading;vazio;erro;sucesso,API/Firestore reais,Sem ação visual sem destino; validar permissões e persistência.
209,10,Salvos e eventos,Editar evento,/app/salvos/editar-evento,Tela funcional de Editar evento,Abrir;Salvar;Voltar,1440+ responsivo,Claro + Escuro,loading;vazio;erro;sucesso,API/Firestore reais,Sem ação visual sem destino; validar permissões e persistência.
210,10,Salvos e eventos,Configurações do evento,/app/salvos/configurações-do-evento,Tela funcional de Configurações do evento,Abrir;Salvar;Voltar,1440+ responsivo,Claro + Escuro,loading;vazio;erro;sucesso,API/Firestore reais,Sem ação visual sem destino; validar permissões e persistência.
211,11,Marketplace,Marketplace,/app/marketplace,Tela funcional de Marketplace,Abrir;Salvar;Voltar,1440+ responsivo,Claro + Escuro,loading;vazio;erro;sucesso,API/Firestore reais,Sem ação visual sem destino; validar permissões e persistência.
212,11,Marketplace,Pesquisa do Marketplace,/app/marketplace/pesquisa-do-marketplace,Tela funcional de Pesquisa do Marketplace,Abrir;Salvar;Voltar,1440+ responsivo,Claro + Escuro,loading;vazio;erro;sucesso,API/Firestore reais,Sem ação visual sem destino; validar permissões e persistência.
213,11,Marketplace,Categorias,/app/marketplace/categorias,Tela funcional de Categorias,Abrir;Salvar;Voltar,1440+ responsivo,Claro + Escuro,loading;vazio;erro;sucesso,API/Firestore reais,Sem ação visual sem destino; validar permissões e persistência.
214,11,Marketplace,Detalhes do produto,/app/marketplace/detalhes-do-produto,Tela funcional de Detalhes do produto,Abrir;Salvar;Voltar,1440+ responsivo,Claro + Escuro,loading;vazio;erro;sucesso,API/Firestore reais,Sem ação visual sem destino; validar permissões e persistência.
215,11,Marketplace,Criar anúncio,/app/marketplace/criar-anúncio,Tela funcional de Criar anúncio,Abrir;Salvar;Voltar,1440+ responsivo,Claro + Escuro,loading;vazio;erro;sucesso,API/Firestore reais,Sem ação visual sem destino; validar permissões e persistência.
216,11,Marketplace,Editar anúncio,/app/marketplace/editar-anúncio,Tela funcional de Editar anúncio,Abrir;Salvar;Voltar,1440+ responsivo,Claro + Escuro,loading;vazio;erro;sucesso,API/Firestore reais,Sem ação visual sem destino; validar permissões e persistência.
217,11,Marketplace,Fotos do produto,/app/marketplace/fotos-do-produto,Tela funcional de Fotos do produto,Abrir;Salvar;Voltar,1440+ responsivo,Claro + Escuro,loading;vazio;erro;sucesso,API/Firestore reais,Sem ação visual sem destino; validar permissões e persistência.
218,11,Marketplace,Preço do produto,/app/marketplace/preço-do-produto,Tela funcional de Preço do produto,Abrir;Salvar;Voltar,1440+ responsivo,Claro + Escuro,loading;vazio;erro;sucesso,API/Firestore reais,Sem ação visual sem destino; validar permissões e persistência.
219,11,Marketplace,Localização do anúncio,/app/marketplace/localização-do-anúncio,Tela funcional de Localização do anúncio,Abrir;Salvar;Voltar,1440+ responsivo,Claro + Escuro,loading;vazio;erro;sucesso,API/Firestore reais,Sem ação visual sem destino; validar permissões e persistência.
220,11,Marketplace,Mensagens do comprador,/app/marketplace/mensagens-do-comprador,Tela funcional de Mensagens do comprador,Abrir;Salvar;Voltar,1440+ responsivo,Claro + Escuro,loading;vazio;erro;sucesso,API/Firestore reais,Sem ação visual sem destino; validar permissões e persistência.
221,11,Marketplace,Meus anúncios,/app/marketplace/meus-anúncios,Tela funcional de Meus anúncios,Abrir;Salvar;Voltar,1440+ responsivo,Claro + Escuro,loading;vazio;erro;sucesso,API/Firestore reais,Sem ação visual sem destino; validar permissões e persistência.
222,11,Marketplace,Anúncios vendidos,/app/marketplace/anúncios-vendidos,Tela funcional de Anúncios vendidos,Abrir;Salvar;Voltar,1440+ responsivo,Claro + Escuro,loading;vazio;erro;sucesso,API/Firestore reais,Sem ação visual sem destino; validar permissões e persistência.
223,11,Marketplace,Itens salvos,/app/marketplace/itens-salvos,Tela funcional de Itens salvos,Abrir;Salvar;Voltar,1440+ responsivo,Claro + Escuro,loading;vazio;erro;sucesso,API/Firestore reais,Sem ação visual sem destino; validar permissões e persistência.
224,11,Marketplace,Compras,/app/marketplace/compras,Tela funcional de Compras,Abrir;Salvar;Voltar,1440+ responsivo,Claro + Escuro,loading;vazio;erro;sucesso,API/Firestore reais,Sem ação visual sem destino; validar permissões e persistência.
225,11,Marketplace,Avaliações,/app/marketplace/avaliações,Tela funcional de Avaliações,Abrir;Salvar;Voltar,1440+ responsivo,Claro + Escuro,loading;vazio;erro;sucesso,API/Firestore reais,Sem ação visual sem destino; validar permissões e persistência.
226,11,Marketplace,Entrega,/app/marketplace/entrega,Tela funcional de Entrega,Abrir;Salvar;Voltar,1440+ responsivo,Claro + Escuro,loading;vazio;erro;sucesso,API/Firestore reais,Sem ação visual sem destino; validar permissões e persistência.
227,11,Marketplace,Pagamento,/app/marketplace/pagamento,Tela funcional de Pagamento,Abrir;Salvar;Voltar,1440+ responsivo,Claro + Escuro,loading;vazio;erro;sucesso,API/Firestore reais,Sem ação visual sem destino; validar permissões e persistência.
228,11,Marketplace,Relatório de anúncio,/app/marketplace/relatório-de-anúncio,Tela funcional de Relatório de anúncio,Abrir;Salvar;Voltar,1440+ responsivo,Claro + Escuro,loading;vazio;erro;sucesso,API/Firestore reais,Sem ação visual sem destino; validar permissões e persistência.
229,11,Marketplace,Denunciar anúncio,/app/marketplace/denunciar-anúncio,Tela funcional de Denunciar anúncio,Abrir;Salvar;Voltar,1440+ responsivo,Claro + Escuro,loading;vazio;erro;sucesso,API/Firestore reais,Sem ação visual sem destino; validar permissões e persistência.
230,11,Marketplace,Configurações do Marketplace,/app/marketplace/configurações-do-marketplace,Tela funcional de Configurações do Marketplace,Abrir;Salvar;Voltar,1440+ responsivo,Claro + Escuro,loading;vazio;erro;sucesso,API/Firestore reais,Sem ação visual sem destino; validar permissões e persistência.
231,12,Páginas,Criar Página,/app/paginas/criar-página,Tela funcional de Criar Página,Abrir;Salvar;Voltar,1440+ responsivo,Claro + Escuro,loading;vazio;erro;sucesso,API/Firestore reais,Sem ação visual sem destino; validar permissões e persistência.
232,12,Páginas,Escolher tipo de Página,/app/paginas/escolher-tipo-de-página,Tela funcional de Escolher tipo de Página,Abrir;Salvar;Voltar,1440+ responsivo,Claro + Escuro,loading;vazio;erro;sucesso,API/Firestore reais,Sem ação visual sem destino; validar permissões e persistência.
233,12,Páginas,Informações da Página,/app/paginas/informações-da-página,Tela funcional de Informações da Página,Abrir;Salvar;Voltar,1440+ responsivo,Claro + Escuro,loading;vazio;erro;sucesso,API/Firestore reais,Sem ação visual sem destino; validar permissões e persistência.
234,12,Páginas,Categoria da Página,/app/paginas/categoria-da-página,Tela funcional de Categoria da Página,Abrir;Salvar;Voltar,1440+ responsivo,Claro + Escuro,loading;vazio;erro;sucesso,API/Firestore reais,Sem ação visual sem destino; validar permissões e persistência.
235,12,Páginas,Descrição da Página,/app/paginas/descrição-da-página,Tela funcional de Descrição da Página,Abrir;Salvar;Voltar,1440+ responsivo,Claro + Escuro,loading;vazio;erro;sucesso,API/Firestore reais,Sem ação visual sem destino; validar permissões e persistência.
236,12,Páginas,Site da Página,/app/paginas/site-da-página,Tela funcional de Site da Página,Abrir;Salvar;Voltar,1440+ responsivo,Claro + Escuro,loading;vazio;erro;sucesso,API/Firestore reais,Sem ação visual sem destino; validar permissões e persistência.
237,12,Páginas,Telefone da Página,/app/paginas/telefone-da-página,Tela funcional de Telefone da Página,Abrir;Salvar;Voltar,1440+ responsivo,Claro + Escuro,loading;vazio;erro;sucesso,API/Firestore reais,Sem ação visual sem destino; validar permissões e persistência.
238,12,Páginas,E-mail da Página,/app/paginas/e-mail-da-página,Tela funcional de E-mail da Página,Abrir;Salvar;Voltar,1440+ responsivo,Claro + Escuro,loading;vazio;erro;sucesso,API/Firestore reais,Sem ação visual sem destino; validar permissões e persistência.
239,12,Páginas,Endereço da Página,/app/paginas/endereço-da-página,Tela funcional de Endereço da Página,Abrir;Salvar;Voltar,1440+ responsivo,Claro + Escuro,loading;vazio;erro;sucesso,API/Firestore reais,Sem ação visual sem destino; validar permissões e persistência.
240,12,Páginas,Foto da Página,/app/paginas/foto-da-página,Tela funcional de Foto da Página,Abrir;Salvar;Voltar,1440+ responsivo,Claro + Escuro,loading;vazio;erro;sucesso,API/Firestore reais,Sem ação visual sem destino; validar permissões e persistência.
241,12,Páginas,Capa da Página,/app/paginas/capa-da-página,Tela funcional de Capa da Página,Abrir;Salvar;Voltar,1440+ responsivo,Claro + Escuro,loading;vazio;erro;sucesso,API/Firestore reais,Sem ação visual sem destino; validar permissões e persistência.
242,12,Páginas,Nome de usuário da Página,/app/paginas/nome-de-usuário-da-página,Tela funcional de Nome de usuário da Página,Abrir;Salvar;Voltar,1440+ responsivo,Claro + Escuro,loading;vazio;erro;sucesso,API/Firestore reais,Sem ação visual sem destino; validar permissões e persistência.
243,12,Páginas,Página publicada,/app/paginas/página-publicada,Tela funcional de Página publicada,Abrir;Salvar;Voltar,1440+ responsivo,Claro + Escuro,loading;vazio;erro;sucesso,API/Firestore reais,Sem ação visual sem destino; validar permissões e persistência.
244,12,Páginas,Feed da Página,/app/paginas/feed-da-página,Tela funcional de Feed da Página,Abrir;Salvar;Voltar,1440+ responsivo,Claro + Escuro,loading;vazio;erro;sucesso,API/Firestore reais,Sem ação visual sem destino; validar permissões e persistência.
245,12,Páginas,Sobre da Página,/app/paginas/sobre-da-página,Tela funcional de Sobre da Página,Abrir;Salvar;Voltar,1440+ responsivo,Claro + Escuro,loading;vazio;erro;sucesso,API/Firestore reais,Sem ação visual sem destino; validar permissões e persistência.
246,12,Páginas,Fotos da Página,/app/paginas/fotos-da-página,Tela funcional de Fotos da Página,Abrir;Salvar;Voltar,1440+ responsivo,Claro + Escuro,loading;vazio;erro;sucesso,API/Firestore reais,Sem ação visual sem destino; validar permissões e persistência.
247,12,Páginas,Vídeos da Página,/app/paginas/vídeos-da-página,Tela funcional de Vídeos da Página,Abrir;Salvar;Voltar,1440+ responsivo,Claro + Escuro,loading;vazio;erro;sucesso,API/Firestore reais,Sem ação visual sem destino; validar permissões e persistência.
248,12,Páginas,Shorts da Página,/app/paginas/shorts-da-página,Tela funcional de Shorts da Página,Abrir;Salvar;Voltar,1440+ responsivo,Claro + Escuro,loading;vazio;erro;sucesso,API/Firestore reais,Sem ação visual sem destino; validar permissões e persistência.
249,12,Páginas,Stories da Página,/app/paginas/stories-da-página,Tela funcional de Stories da Página,Abrir;Salvar;Voltar,1440+ responsivo,Claro + Escuro,loading;vazio;erro;sucesso,API/Firestore reais,Sem ação visual sem destino; validar permissões e persistência.
250,12,Páginas,Eventos da Página,/app/paginas/eventos-da-página,Tela funcional de Eventos da Página,Abrir;Salvar;Voltar,1440+ responsivo,Claro + Escuro,loading;vazio;erro;sucesso,API/Firestore reais,Sem ação visual sem destino; validar permissões e persistência.
251,12,Páginas,Serviços da Página,/app/paginas/serviços-da-página,Tela funcional de Serviços da Página,Abrir;Salvar;Voltar,1440+ responsivo,Claro + Escuro,loading;vazio;erro;sucesso,API/Firestore reais,Sem ação visual sem destino; validar permissões e persistência.
252,12,Páginas,Produtos da Página,/app/paginas/produtos-da-página,Tela funcional de Produtos da Página,Abrir;Salvar;Voltar,1440+ responsivo,Claro + Escuro,loading;vazio;erro;sucesso,API/Firestore reais,Sem ação visual sem destino; validar permissões e persistência.
253,12,Páginas,Avaliações da Página,/app/paginas/avaliações-da-página,Tela funcional de Avaliações da Página,Abrir;Salvar;Voltar,1440+ responsivo,Claro + Escuro,loading;vazio;erro;sucesso,API/Firestore reais,Sem ação visual sem destino; validar permissões e persistência.
254,12,Páginas,Seguidores da Página,/app/paginas/seguidores-da-página,Tela funcional de Seguidores da Página,Abrir;Salvar;Voltar,1440+ responsivo,Claro + Escuro,loading;vazio;erro;sucesso,API/Firestore reais,Sem ação visual sem destino; validar permissões e persistência.
255,12,Páginas,Caixa de entrada da Página,/app/paginas/caixa-de-entrada-da-página,Tela funcional de Caixa de entrada da Página,Abrir;Salvar;Voltar,1440+ responsivo,Claro + Escuro,loading;vazio;erro;sucesso,API/Firestore reais,Sem ação visual sem destino; validar permissões e persistência.
256,13,Business Suite,Business Suite — Visão geral,/app/business/business-suite---visão-geral,Tela funcional de Business Suite — Visão geral,Abrir;Salvar;Voltar,1440+ responsivo,Claro + Escuro,loading;vazio;erro;sucesso,API/Firestore reais,Sem ação visual sem destino; validar permissões e persistência.
257,13,Business Suite,Business Suite — Início,/app/business/business-suite---início,Tela funcional de Business Suite — Início,Abrir;Salvar;Voltar,1440+ responsivo,Claro + Escuro,loading;vazio;erro;sucesso,API/Firestore reais,Sem ação visual sem destino; validar permissões e persistência.
258,13,Business Suite,Calendário,/app/business/calendário,Tela funcional de Calendário,Abrir;Salvar;Voltar,1440+ responsivo,Claro + Escuro,loading;vazio;erro;sucesso,API/Firestore reais,Sem ação visual sem destino; validar permissões e persistência.
259,13,Business Suite,Planejador de conteúdo,/app/business/planejador-de-conteúdo,Tela funcional de Planejador de conteúdo,Abrir;Salvar;Voltar,1440+ responsivo,Claro + Escuro,loading;vazio;erro;sucesso,API/Firestore reais,Sem ação visual sem destino; validar permissões e persistência.
260,13,Business Suite,Publicações,/app/business/publicações,Tela funcional de Publicações,Abrir;Salvar;Voltar,1440+ responsivo,Claro + Escuro,loading;vazio;erro;sucesso,API/Firestore reais,Sem ação visual sem destino; validar permissões e persistência.
261,13,Business Suite,Stories publicados,/app/business/stories-publicados,Tela funcional de Stories publicados,Abrir;Salvar;Voltar,1440+ responsivo,Claro + Escuro,loading;vazio;erro;sucesso,API/Firestore reais,Sem ação visual sem destino; validar permissões e persistência.
262,13,Business Suite,Shorts publicados,/app/business/shorts-publicados,Tela funcional de Shorts publicados,Abrir;Salvar;Voltar,1440+ responsivo,Claro + Escuro,loading;vazio;erro;sucesso,API/Firestore reais,Sem ação visual sem destino; validar permissões e persistência.
263,13,Business Suite,Rascunhos,/app/business/rascunhos,Tela funcional de Rascunhos,Abrir;Salvar;Voltar,1440+ responsivo,Claro + Escuro,loading;vazio;erro;sucesso,API/Firestore reais,Sem ação visual sem destino; validar permissões e persistência.
264,13,Business Suite,Agendados,/app/business/agendados,Tela funcional de Agendados,Abrir;Salvar;Voltar,1440+ responsivo,Claro + Escuro,loading;vazio;erro;sucesso,API/Firestore reais,Sem ação visual sem destino; validar permissões e persistência.
265,13,Business Suite,Publicados,/app/business/publicados,Tela funcional de Publicados,Abrir;Salvar;Voltar,1440+ responsivo,Claro + Escuro,loading;vazio;erro;sucesso,API/Firestore reais,Sem ação visual sem destino; validar permissões e persistência.
266,13,Business Suite,Caixa de entrada,/app/business/caixa-de-entrada,Tela funcional de Caixa de entrada,Abrir;Salvar;Voltar,1440+ responsivo,Claro + Escuro,loading;vazio;erro;sucesso,API/Firestore reais,Sem ação visual sem destino; validar permissões e persistência.
267,13,Business Suite,Comentários,/app/business/comentários,Tela funcional de Comentários,Abrir;Salvar;Voltar,1440+ responsivo,Claro + Escuro,loading;vazio;erro;sucesso,API/Firestore reais,Sem ação visual sem destino; validar permissões e persistência.
268,13,Business Suite,Mensagens,/app/business/mensagens,Tela funcional de Mensagens,Abrir;Salvar;Voltar,1440+ responsivo,Claro + Escuro,loading;vazio;erro;sucesso,API/Firestore reais,Sem ação visual sem destino; validar permissões e persistência.
269,13,Business Suite,Leads,/app/business/leads,Tela funcional de Leads,Abrir;Salvar;Voltar,1440+ responsivo,Claro + Escuro,loading;vazio;erro;sucesso,API/Firestore reais,Sem ação visual sem destino; validar permissões e persistência.
270,13,Business Suite,Notificações,/app/business/notificações,Tela funcional de Notificações,Abrir;Salvar;Voltar,1440+ responsivo,Claro + Escuro,loading;vazio;erro;sucesso,API/Firestore reais,Sem ação visual sem destino; validar permissões e persistência.
271,13,Business Suite,Insights,/app/business/insights,Tela funcional de Insights,Abrir;Salvar;Voltar,1440+ responsivo,Claro + Escuro,loading;vazio;erro;sucesso,API/Firestore reais,Sem ação visual sem destino; validar permissões e persistência.
272,13,Business Suite,Visão diária,/app/business/visão-diária,Tela funcional de Visão diária,Abrir;Salvar;Voltar,1440+ responsivo,Claro + Escuro,loading;vazio;erro;sucesso,API/Firestore reais,Sem ação visual sem destino; validar permissões e persistência.
273,13,Business Suite,Visão semanal,/app/business/visão-semanal,Tela funcional de Visão semanal,Abrir;Salvar;Voltar,1440+ responsivo,Claro + Escuro,loading;vazio;erro;sucesso,API/Firestore reais,Sem ação visual sem destino; validar permissões e persistência.
274,13,Business Suite,Visão mensal,/app/business/visão-mensal,Tela funcional de Visão mensal,Abrir;Salvar;Voltar,1440+ responsivo,Claro + Escuro,loading;vazio;erro;sucesso,API/Firestore reais,Sem ação visual sem destino; validar permissões e persistência.
275,13,Business Suite,Alcance,/app/business/alcance,Tela funcional de Alcance,Abrir;Salvar;Voltar,1440+ responsivo,Claro + Escuro,loading;vazio;erro;sucesso,API/Firestore reais,Sem ação visual sem destino; validar permissões e persistência.
276,13,Business Suite,Engajamento,/app/business/engajamento,Tela funcional de Engajamento,Abrir;Salvar;Voltar,1440+ responsivo,Claro + Escuro,loading;vazio;erro;sucesso,API/Firestore reais,Sem ação visual sem destino; validar permissões e persistência.
277,13,Business Suite,Seguidores,/app/business/seguidores,Tela funcional de Seguidores,Abrir;Salvar;Voltar,1440+ responsivo,Claro + Escuro,loading;vazio;erro;sucesso,API/Firestore reais,Sem ação visual sem destino; validar permissões e persistência.
278,13,Business Suite,Crescimento,/app/business/crescimento,Tela funcional de Crescimento,Abrir;Salvar;Voltar,1440+ responsivo,Claro + Escuro,loading;vazio;erro;sucesso,API/Firestore reais,Sem ação visual sem destino; validar permissões e persistência.
279,13,Business Suite,Conteúdo com melhor desempenho,/app/business/conteúdo-com-melhor-desempenho,Tela funcional de Conteúdo com melhor desempenho,Abrir;Salvar;Voltar,1440+ responsivo,Claro + Escuro,loading;vazio;erro;sucesso,API/Firestore reais,Sem ação visual sem destino; validar permissões e persistência.
280,13,Business Suite,Público,/app/business/público,Tela funcional de Público,Abrir;Salvar;Voltar,1440+ responsivo,Claro + Escuro,loading;vazio;erro;sucesso,API/Firestore reais,Sem ação visual sem destino; validar permissões e persistência.
281,13,Business Suite,Monetização,/app/business/monetização,Tela funcional de Monetização,Abrir;Salvar;Voltar,1440+ responsivo,Claro + Escuro,loading;vazio;erro;sucesso,API/Firestore reais,Sem ação visual sem destino; validar permissões e persistência.
282,13,Business Suite,Configurações comerciais,/app/business/configurações-comerciais,Tela funcional de Configurações comerciais,Abrir;Salvar;Voltar,1440+ responsivo,Claro + Escuro,loading;vazio;erro;sucesso,API/Firestore reais,Sem ação visual sem destino; validar permissões e persistência.
283,13,Business Suite,Biblioteca de conteúdo,/app/business/biblioteca-de-conteúdo,Tela funcional de Biblioteca de conteúdo,Abrir;Salvar;Voltar,1440+ responsivo,Claro + Escuro,loading;vazio;erro;sucesso,API/Firestore reais,Sem ação visual sem destino; validar permissões e persistência.
284,13,Business Suite,Tarefas,/app/business/tarefas,Tela funcional de Tarefas,Abrir;Salvar;Voltar,1440+ responsivo,Claro + Escuro,loading;vazio;erro;sucesso,API/Firestore reais,Sem ação visual sem destino; validar permissões e persistência.
285,13,Business Suite,Colaboradores,/app/business/colaboradores,Tela funcional de Colaboradores,Abrir;Salvar;Voltar,1440+ responsivo,Claro + Escuro,loading;vazio;erro;sucesso,API/Firestore reais,Sem ação visual sem destino; validar permissões e persistência.
286,14,Ads,Gerenciador de Anúncios,/app/ads/gerenciador-de-anúncios,Tela funcional de Gerenciador de Anúncios,Abrir;Salvar;Voltar,1440+ responsivo,Claro + Escuro,loading;vazio;erro;sucesso,API/Firestore reais,Sem ação visual sem destino; validar permissões e persistência.
287,14,Ads,Campanhas,/app/ads/campanhas,Tela funcional de Campanhas,Abrir;Salvar;Voltar,1440+ responsivo,Claro + Escuro,loading;vazio;erro;sucesso,API/Firestore reais,Sem ação visual sem destino; validar permissões e persistência.
288,14,Ads,Conjuntos de anúncios,/app/ads/conjuntos-de-anúncios,Tela funcional de Conjuntos de anúncios,Abrir;Salvar;Voltar,1440+ responsivo,Claro + Escuro,loading;vazio;erro;sucesso,API/Firestore reais,Sem ação visual sem destino; validar permissões e persistência.
289,14,Ads,Anúncios,/app/ads/anúncios,Tela funcional de Anúncios,Abrir;Salvar;Voltar,1440+ responsivo,Claro + Escuro,loading;vazio;erro;sucesso,API/Firestore reais,Sem ação visual sem destino; validar permissões e persistência.
290,14,Ads,Criar campanha,/app/ads/criar-campanha,Tela funcional de Criar campanha,Abrir;Salvar;Voltar,1440+ responsivo,Claro + Escuro,loading;vazio;erro;sucesso,API/Firestore reais,Sem ação visual sem destino; validar permissões e persistência.
291,14,Ads,Objetivo da campanha,/app/ads/objetivo-da-campanha,Tela funcional de Objetivo da campanha,Abrir;Salvar;Voltar,1440+ responsivo,Claro + Escuro,loading;vazio;erro;sucesso,API/Firestore reais,Sem ação visual sem destino; validar permissões e persistência.
292,14,Ads,Orçamento,/app/ads/orçamento,Tela funcional de Orçamento,Abrir;Salvar;Voltar,1440+ responsivo,Claro + Escuro,loading;vazio;erro;sucesso,API/Firestore reais,Sem ação visual sem destino; validar permissões e persistência.
293,14,Ads,Programação,/app/ads/programação,Tela funcional de Programação,Abrir;Salvar;Voltar,1440+ responsivo,Claro + Escuro,loading;vazio;erro;sucesso,API/Firestore reais,Sem ação visual sem destino; validar permissões e persistência.
294,14,Ads,Público,/app/ads/público,Tela funcional de Público,Abrir;Salvar;Voltar,1440+ responsivo,Claro + Escuro,loading;vazio;erro;sucesso,API/Firestore reais,Sem ação visual sem destino; validar permissões e persistência.
295,14,Ads,Localização,/app/ads/localização,Tela funcional de Localização,Abrir;Salvar;Voltar,1440+ responsivo,Claro + Escuro,loading;vazio;erro;sucesso,API/Firestore reais,Sem ação visual sem destino; validar permissões e persistência.
296,14,Ads,Idade e gênero,/app/ads/idade-e-gênero,Tela funcional de Idade e gênero,Abrir;Salvar;Voltar,1440+ responsivo,Claro + Escuro,loading;vazio;erro;sucesso,API/Firestore reais,Sem ação visual sem destino; validar permissões e persistência.
297,14,Ads,Segmentação detalhada,/app/ads/segmentação-detalhada,Tela funcional de Segmentação detalhada,Abrir;Salvar;Voltar,1440+ responsivo,Claro + Escuro,loading;vazio;erro;sucesso,API/Firestore reais,Sem ação visual sem destino; validar permissões e persistência.
298,14,Ads,Posicionamentos,/app/ads/posicionamentos,Tela funcional de Posicionamentos,Abrir;Salvar;Voltar,1440+ responsivo,Claro + Escuro,loading;vazio;erro;sucesso,API/Firestore reais,Sem ação visual sem destino; validar permissões e persistência.
299,14,Ads,Criativo,/app/ads/criativo,Tela funcional de Criativo,Abrir;Salvar;Voltar,1440+ responsivo,Claro + Escuro,loading;vazio;erro;sucesso,API/Firestore reais,Sem ação visual sem destino; validar permissões e persistência.
300,14,Ads,Texto do anúncio,/app/ads/texto-do-anúncio,Tela funcional de Texto do anúncio,Abrir;Salvar;Voltar,1440+ responsivo,Claro + Escuro,loading;vazio;erro;sucesso,API/Firestore reais,Sem ação visual sem destino; validar permissões e persistência.
301,14,Ads,Título do anúncio,/app/ads/título-do-anúncio,Tela funcional de Título do anúncio,Abrir;Salvar;Voltar,1440+ responsivo,Claro + Escuro,loading;vazio;erro;sucesso,API/Firestore reais,Sem ação visual sem destino; validar permissões e persistência.
302,14,Ads,CTA,/app/ads/cta,Tela funcional de CTA,Abrir;Salvar;Voltar,1440+ responsivo,Claro + Escuro,loading;vazio;erro;sucesso,API/Firestore reais,Sem ação visual sem destino; validar permissões e persistência.
303,14,Ads,URL de destino,/app/ads/url-de-destino,Tela funcional de URL de destino,Abrir;Salvar;Voltar,1440+ responsivo,Claro + Escuro,loading;vazio;erro;sucesso,API/Firestore reais,Sem ação visual sem destino; validar permissões e persistência.
304,14,Ads,Prévia do anúncio,/app/ads/prévia-do-anúncio,Tela funcional de Prévia do anúncio,Abrir;Salvar;Voltar,1440+ responsivo,Claro + Escuro,loading;vazio;erro;sucesso,API/Firestore reais,Sem ação visual sem destino; validar permissões e persistência.
305,14,Ads,Publicar anúncio,/app/ads/publicar-anúncio,Tela funcional de Publicar anúncio,Abrir;Salvar;Voltar,1440+ responsivo,Claro + Escuro,loading;vazio;erro;sucesso,API/Firestore reais,Sem ação visual sem destino; validar permissões e persistência.
306,14,Ads,Revisão do anúncio,/app/ads/revisão-do-anúncio,Tela funcional de Revisão do anúncio,Abrir;Salvar;Voltar,1440+ responsivo,Claro + Escuro,loading;vazio;erro;sucesso,API/Firestore reais,Sem ação visual sem destino; validar permissões e persistência.
307,14,Ads,Anúncio aprovado,/app/ads/anúncio-aprovado,Tela funcional de Anúncio aprovado,Abrir;Salvar;Voltar,1440+ responsivo,Claro + Escuro,loading;vazio;erro;sucesso,API/Firestore reais,Sem ação visual sem destino; validar permissões e persistência.
308,14,Ads,Anúncio rejeitado,/app/ads/anúncio-rejeitado,Tela funcional de Anúncio rejeitado,Abrir;Salvar;Voltar,1440+ responsivo,Claro + Escuro,loading;vazio;erro;sucesso,API/Firestore reais,Sem ação visual sem destino; validar permissões e persistência.
309,14,Ads,Relatórios,/app/ads/relatórios,Tela funcional de Relatórios,Abrir;Salvar;Voltar,1440+ responsivo,Claro + Escuro,loading;vazio;erro;sucesso,API/Firestore reais,Sem ação visual sem destino; validar permissões e persistência.
310,14,Ads,Métricas,/app/ads/métricas,Tela funcional de Métricas,Abrir;Salvar;Voltar,1440+ responsivo,Claro + Escuro,loading;vazio;erro;sucesso,API/Firestore reais,Sem ação visual sem destino; validar permissões e persistência.
311,14,Ads,Colunas personalizadas,/app/ads/colunas-personalizadas,Tela funcional de Colunas personalizadas,Abrir;Salvar;Voltar,1440+ responsivo,Claro + Escuro,loading;vazio;erro;sucesso,API/Firestore reais,Sem ação visual sem destino; validar permissões e persistência.
312,14,Ads,Filtros,/app/ads/filtros,Tela funcional de Filtros,Abrir;Salvar;Voltar,1440+ responsivo,Claro + Escuro,loading;vazio;erro;sucesso,API/Firestore reais,Sem ação visual sem destino; validar permissões e persistência.
313,14,Ads,Comparação,/app/ads/comparação,Tela funcional de Comparação,Abrir;Salvar;Voltar,1440+ responsivo,Claro + Escuro,loading;vazio;erro;sucesso,API/Firestore reais,Sem ação visual sem destino; validar permissões e persistência.
314,14,Ads,Exportação,/app/ads/exportação,Tela funcional de Exportação,Abrir;Salvar;Voltar,1440+ responsivo,Claro + Escuro,loading;vazio;erro;sucesso,API/Firestore reais,Sem ação visual sem destino; validar permissões e persistência.
315,14,Ads,Biblioteca de anúncios,/app/ads/biblioteca-de-anúncios,Tela funcional de Biblioteca de anúncios,Abrir;Salvar;Voltar,1440+ responsivo,Claro + Escuro,loading;vazio;erro;sucesso,API/Firestore reais,Sem ação visual sem destino; validar permissões e persistência.
316,15,Configurações,Configurações gerais,/app/configuracoes/configurações-gerais,Tela funcional de Configurações gerais,Abrir;Salvar;Voltar,1440+ responsivo,Claro + Escuro,loading;vazio;erro;sucesso,API/Firestore reais,Sem ação visual sem destino; validar permissões e persistência.
317,15,Configurações,Conta,/app/configuracoes/conta,Tela funcional de Conta,Abrir;Salvar;Voltar,1440+ responsivo,Claro + Escuro,loading;vazio;erro;sucesso,API/Firestore reais,Sem ação visual sem destino; validar permissões e persistência.
318,15,Configurações,Perfil,/app/configuracoes/perfil,Tela funcional de Perfil,Abrir;Salvar;Voltar,1440+ responsivo,Claro + Escuro,loading;vazio;erro;sucesso,API/Firestore reais,Sem ação visual sem destino; validar permissões e persistência.
319,15,Configurações,Privacidade,/app/configuracoes/privacidade,Tela funcional de Privacidade,Abrir;Salvar;Voltar,1440+ responsivo,Claro + Escuro,loading;vazio;erro;sucesso,API/Firestore reais,Sem ação visual sem destino; validar permissões e persistência.
320,15,Configurações,Segurança,/app/configuracoes/segurança,Tela funcional de Segurança,Abrir;Salvar;Voltar,1440+ responsivo,Claro + Escuro,loading;vazio;erro;sucesso,API/Firestore reais,Sem ação visual sem destino; validar permissões e persistência.
321,15,Configurações,Senha,/app/configuracoes/senha,Tela funcional de Senha,Abrir;Salvar;Voltar,1440+ responsivo,Claro + Escuro,loading;vazio;erro;sucesso,API/Firestore reais,Sem ação visual sem destino; validar permissões e persistência.
322,15,Configurações,Login,/app/configuracoes/login,Tela funcional de Login,Abrir;Salvar;Voltar,1440+ responsivo,Claro + Escuro,loading;vazio;erro;sucesso,API/Firestore reais,Sem ação visual sem destino; validar permissões e persistência.
323,15,Configurações,Autenticação 2FA,/app/configuracoes/autenticação-2fa,Tela funcional de Autenticação 2FA,Abrir;Salvar;Voltar,1440+ responsivo,Claro + Escuro,loading;vazio;erro;sucesso,API/Firestore reais,Sem ação visual sem destino; validar permissões e persistência.
324,15,Configurações,Dispositivos conectados,/app/configuracoes/dispositivos-conectados,Tela funcional de Dispositivos conectados,Abrir;Salvar;Voltar,1440+ responsivo,Claro + Escuro,loading;vazio;erro;sucesso,API/Firestore reais,Sem ação visual sem destino; validar permissões e persistência.
325,15,Configurações,Bloqueios,/app/configuracoes/bloqueios,Tela funcional de Bloqueios,Abrir;Salvar;Voltar,1440+ responsivo,Claro + Escuro,loading;vazio;erro;sucesso,API/Firestore reais,Sem ação visual sem destino; validar permissões e persistência.
326,15,Configurações,Silenciamentos,/app/configuracoes/silenciamentos,Tela funcional de Silenciamentos,Abrir;Salvar;Voltar,1440+ responsivo,Claro + Escuro,loading;vazio;erro;sucesso,API/Firestore reais,Sem ação visual sem destino; validar permissões e persistência.
327,15,Configurações,Preferências do Feed,/app/configuracoes/preferências-do-feed,Tela funcional de Preferências do Feed,Abrir;Salvar;Voltar,1440+ responsivo,Claro + Escuro,loading;vazio;erro;sucesso,API/Firestore reais,Sem ação visual sem destino; validar permissões e persistência.
328,15,Configurações,Preferências de conteúdo,/app/configuracoes/preferências-de-conteúdo,Tela funcional de Preferências de conteúdo,Abrir;Salvar;Voltar,1440+ responsivo,Claro + Escuro,loading;vazio;erro;sucesso,API/Firestore reais,Sem ação visual sem destino; validar permissões e persistência.
329,15,Configurações,Idioma,/app/configuracoes/idioma,Tela funcional de Idioma,Abrir;Salvar;Voltar,1440+ responsivo,Claro + Escuro,loading;vazio;erro;sucesso,API/Firestore reais,Sem ação visual sem destino; validar permissões e persistência.
330,15,Configurações,Acessibilidade,/app/configuracoes/acessibilidade,Tela funcional de Acessibilidade,Abrir;Salvar;Voltar,1440+ responsivo,Claro + Escuro,loading;vazio;erro;sucesso,API/Firestore reais,Sem ação visual sem destino; validar permissões e persistência.
331,15,Configurações,Tema claro,/app/configuracoes/tema-claro,Tela funcional de Tema claro,Abrir;Salvar;Voltar,1440+ responsivo,Claro + Escuro,loading;vazio;erro;sucesso,API/Firestore reais,Sem ação visual sem destino; validar permissões e persistência.
332,15,Configurações,Tema escuro,/app/configuracoes/tema-escuro,Tela funcional de Tema escuro,Abrir;Salvar;Voltar,1440+ responsivo,Claro + Escuro,loading;vazio;erro;sucesso,API/Firestore reais,Sem ação visual sem destino; validar permissões e persistência.
333,15,Configurações,Notificações,/app/configuracoes/notificações,Tela funcional de Notificações,Abrir;Salvar;Voltar,1440+ responsivo,Claro + Escuro,loading;vazio;erro;sucesso,API/Firestore reais,Sem ação visual sem destino; validar permissões e persistência.
334,15,Configurações,E-mail,/app/configuracoes/e-mail,Tela funcional de E-mail,Abrir;Salvar;Voltar,1440+ responsivo,Claro + Escuro,loading;vazio;erro;sucesso,API/Firestore reais,Sem ação visual sem destino; validar permissões e persistência.
335,15,Configurações,SMS,/app/configuracoes/sms,Tela funcional de SMS,Abrir;Salvar;Voltar,1440+ responsivo,Claro + Escuro,loading;vazio;erro;sucesso,API/Firestore reais,Sem ação visual sem destino; validar permissões e persistência.
336,15,Configurações,Push,/app/configuracoes/push,Tela funcional de Push,Abrir;Salvar;Voltar,1440+ responsivo,Claro + Escuro,loading;vazio;erro;sucesso,API/Firestore reais,Sem ação visual sem destino; validar permissões e persistência.
337,15,Configurações,Dados pessoais,/app/configuracoes/dados-pessoais,Tela funcional de Dados pessoais,Abrir;Salvar;Voltar,1440+ responsivo,Claro + Escuro,loading;vazio;erro;sucesso,API/Firestore reais,Sem ação visual sem destino; validar permissões e persistência.
338,15,Configurações,Baixar seus dados,/app/configuracoes/baixar-seus-dados,Tela funcional de Baixar seus dados,Abrir;Salvar;Voltar,1440+ responsivo,Claro + Escuro,loading;vazio;erro;sucesso,API/Firestore reais,Sem ação visual sem destino; validar permissões e persistência.
339,15,Configurações,Transferência de dados,/app/configuracoes/transferência-de-dados,Tela funcional de Transferência de dados,Abrir;Salvar;Voltar,1440+ responsivo,Claro + Escuro,loading;vazio;erro;sucesso,API/Firestore reais,Sem ação visual sem destino; validar permissões e persistência.
340,15,Configurações,Excluir conta,/app/configuracoes/excluir-conta,Tela funcional de Excluir conta,Abrir;Salvar;Voltar,1440+ responsivo,Claro + Escuro,loading;vazio;erro;sucesso,API/Firestore reais,Sem ação visual sem destino; validar permissões e persistência.
341,15,Configurações,Desativar conta,/app/configuracoes/desativar-conta,Tela funcional de Desativar conta,Abrir;Salvar;Voltar,1440+ responsivo,Claro + Escuro,loading;vazio;erro;sucesso,API/Firestore reais,Sem ação visual sem destino; validar permissões e persistência.
342,15,Configurações,Publicidade,/app/configuracoes/publicidade,Tela funcional de Publicidade,Abrir;Salvar;Voltar,1440+ responsivo,Claro + Escuro,loading;vazio;erro;sucesso,API/Firestore reais,Sem ação visual sem destino; validar permissões e persistência.
343,15,Configurações,Preferências de anúncios,/app/configuracoes/preferências-de-anúncios,Tela funcional de Preferências de anúncios,Abrir;Salvar;Voltar,1440+ responsivo,Claro + Escuro,loading;vazio;erro;sucesso,API/Firestore reais,Sem ação visual sem destino; validar permissões e persistência.
344,15,Configurações,Atividade fora da plataforma,/app/configuracoes/atividade-fora-da-plataforma,Tela funcional de Atividade fora da plataforma,Abrir;Salvar;Voltar,1440+ responsivo,Claro + Escuro,loading;vazio;erro;sucesso,API/Firestore reais,Sem ação visual sem destino; validar permissões e persistência.
345,15,Configurações,Cookies,/app/configuracoes/cookies,Tela funcional de Cookies,Abrir;Salvar;Voltar,1440+ responsivo,Claro + Escuro,loading;vazio;erro;sucesso,API/Firestore reais,Sem ação visual sem destino; validar permissões e persistência.
346,16,Segurança e moderação,Central de segurança,/app/seguranca/central-de-segurança,Tela funcional de Central de segurança,Abrir;Salvar;Voltar,1440+ responsivo,Claro + Escuro,loading;vazio;erro;sucesso,API/Firestore reais,Sem ação visual sem destino; validar permissões e persistência.
347,16,Segurança e moderação,Denúncias,/app/seguranca/denúncias,Tela funcional de Denúncias,Abrir;Salvar;Voltar,1440+ responsivo,Claro + Escuro,loading;vazio;erro;sucesso,API/Firestore reais,Sem ação visual sem destino; validar permissões e persistência.
348,16,Segurança e moderação,Conteúdo denunciado,/app/seguranca/conteúdo-denunciado,Tela funcional de Conteúdo denunciado,Abrir;Salvar;Voltar,1440+ responsivo,Claro + Escuro,loading;vazio;erro;sucesso,API/Firestore reais,Sem ação visual sem destino; validar permissões e persistência.
349,16,Segurança e moderação,Contas bloqueadas,/app/seguranca/contas-bloqueadas,Tela funcional de Contas bloqueadas,Abrir;Salvar;Voltar,1440+ responsivo,Claro + Escuro,loading;vazio;erro;sucesso,API/Firestore reais,Sem ação visual sem destino; validar permissões e persistência.
350,16,Segurança e moderação,Palavras ocultas,/app/seguranca/palavras-ocultas,Tela funcional de Palavras ocultas,Abrir;Salvar;Voltar,1440+ responsivo,Claro + Escuro,loading;vazio;erro;sucesso,API/Firestore reais,Sem ação visual sem destino; validar permissões e persistência.
